"AverageShortestPathLength","BetweennessCentrality","ClosenessCentrality","ClusteringCoefficient","degree","Eccentricity","EdgeCount","eigenvector centrality","Indegree","IsSingleNode","k-core","louvian_cluster","name","NeighborhoodConnectivity","Outdegree","PartnerOfMultiEdgedNodePairs","selected","SelfLoops","shared name","Stress","TF"
"1.0","0.0038290827467828597","1.0","0.0","2","1","2","0.019676630324012304","1","false","2","11","SYNPCC7942_RS06230","38.0","1","0","false","0","SYNPCC7942_RS06230","3016","1"
"0.0","0.0","0.0","0.0","2","0","2","0.041735577146243645","2","false","2","11","SYNPCC7942_RS06235","24.0","0","0","false","0","SYNPCC7942_RS06235","0","0"
"1.0","0.0028489594442243824","1.0","0.0","4","1","4","1.477928030944357E-18","1","false","1","0","SYNPCC7942_RS08885","9.25","3","0","false","0","SYNPCC7942_RS08885","2244","1"
"0.0","0.0","0.0","0.0","1","0","1","3.4762098894503714E-17","1","false","1","0","SYNPCC7942_RS12200","4.0","0","0","false","0","SYNPCC7942_RS12200","0","0"
"1.0588235294117647","0.11999146835674457","0.9444444444444444","0.014705882352941176","18","2","18","0.05563299176054707","2","false","2","2","SYNPCC7942_RS03075","5.0","16","1","false","0","SYNPCC7942_RS03075","94512","1"
"0.0","0.0","0.0","1.0","2","0","2","0.06714808987464774","2","false","2","2","SYNPCC7942_RS10555","10.5","0","0","false","0","SYNPCC7942_RS10555","0","0"
"0.0","0.0","0.0","1.0","2","0","2","0.06714808987464774","2","false","2","2","SYNPCC7942_RS08225","10.5","0","0","false","0","SYNPCC7942_RS08225","0","0"
"0.0","0.0","0.0","0.0","1","0","1","0.039335927325160745","1","false","1","2","SYNPCC7942_RS09325","17.0","0","0","false","0","SYNPCC7942_RS09325","0","0"
"1.5575757575757576","0.11517718394832262","0.6420233463035019","0.004257682339874121","75","3","75","4.33333081343842E-6","1","false","3","3","SYNPCC7942_RS03260","3.135135135135135","74","1","false","0","SYNPCC7942_RS03260","90720","1"
"0.0","0.0","0.0","0.0","1","0","1","4.33333081343842E-6","1","false","1","3","SYNPCC7942_RS03265","74.0","0","0","false","0","SYNPCC7942_RS03265","0","0"
"0.0","0.0","0.0","0.5","3","0","3","0.01968529698563918","3","false","3","20","SYNPCC7942_RS03255","59.333333333333336","0","0","false","0","SYNPCC7942_RS03255","0","0"
"1.7647058823529411","0.008153305503925571","0.5666666666666667","0.16666666666666666","5","2","5","0.039335927325160745","1","false","2","2","SYNPCC7942_RS09380","5.5","4","1","false","0","SYNPCC7942_RS09380","6422","1"
"0.0","0.0","0.0","0.0","1","0","1","0.039335927325160745","1","false","1","2","SYNPCC7942_RS01415","17.0","0","0","false","0","SYNPCC7942_RS01415","0","0"
"1.0136986301369864","0.5134398773068446","0.9864864864864864","0.0020362828582006663","74","2","74","0.027825162541873515","2","false","3","4","SYNPCC7942_RS11465","3.324324324324324","72","0","false","0","SYNPCC7942_RS11465","424704","1"
"0.0","0.0","0.0","0.0","1","0","1","0.019676630324012304","1","false","1","4","SYNPCC7942_RS03575","74.0","0","0","false","0","SYNPCC7942_RS03575","0","0"
"1.0","0.2508709385823253","1.0","0.0013297872340425532","48","1","48","0.02782082921106008","1","false","2","5","SYNPCC7942_RS07435","2.5416666666666665","47","0","false","0","SYNPCC7942_RS07435","231690","1"
"0.0","0.0","0.0","0.0","1","0","1","0.019672296993198866","1","false","1","5","SYNPCC7942_RS08865","48.0","0","0","false","0","SYNPCC7942_RS08865","0","0"
"1.4186046511627908","0.13123622495099382","0.7049180327868853","0.013846153846153847","27","2","27","0.09496458575489436","2","false","3","6","SYNPCC7942_RS10700","3.423076923076923","25","1","false","0","SYNPCC7942_RS10700","121176","1"
"0.0","0.0","0.0","1.0","2","0","2","0.1342875130876686","2","false","2","21","SYNPCC7942_RS04935","23.5","0","0","false","0","SYNPCC7942_RS04935","0","0"
"0.0","0.0","0.0","0.0","1","0","1","0.019676630324012304","1","false","1","4","SYNPCC7942_RS06030","74.0","0","0","false","0","SYNPCC7942_RS06030","0","0"
"0.0","0.0","0.0","0.0","1","0","1","0.039335927325160745","1","false","1","2","SYNPCC7942_RS12115","17.0","0","0","false","0","SYNPCC7942_RS12115","0","0"
"1.0","0.0","1.0","0.0","30","1","30","3.0790167311340755E-20","0","false","2","7","SYNPCC7942_RS03325","1.4333333333333333","30","0","false","0","SYNPCC7942_RS03325","0","1"
"0.0","0.0","0.0","0.0","1","0","1","1.477928030944357E-18","1","false","1","7","SYNPCC7942_RS01335","30.0","0","0","false","0","SYNPCC7942_RS01335","0","0"
"0.0","0.0","0.0","1.0","2","0","2","8.666661626876812E-6","2","false","2","20","SYNPCC7942_RS11230","52.0","0","0","false","0","SYNPCC7942_RS11230","0","0"
"2.8616236162361623","1.8522540296779304","0.34945196647324306","0.0021929824561403508","58","5","58","0.039344593986787586","2","false","3","8","SYNPCC7942_RS09435","3.8947368421052633","56","1","false","0","SYNPCC7942_RS09435","1537910","1"
"0.0","0.0","0.0","0.0","2","0","2","0.05564165842217341","2","false","2","16","SYNPCC7942_RS09370","52.5","0","0","false","0","SYNPCC7942_RS09370","0","0"
"0.0","0.0","0.0","0.0","1","0","1","0.027812162549486992","1","false","1","2","SYNPCC7942_RS11105","4.0","0","0","false","0","SYNPCC7942_RS11105","0","0"
"1.5","0.20440649217424867","0.6666666666666666","0.0012195121951219512","41","3","41","8.666661626875365E-6","1","false","2","29","SYNPCC7942_RS07185","2.0","40","0","false","0","SYNPCC7942_RS07185","161002","1"
"0.0","0.0","0.0","0.0","1","0","1","8.66666162684208E-6","1","false","1","29","SYNPCC7942_RS11705","41.0","0","0","false","0","SYNPCC7942_RS11705","0","0"
"2.6549815498154983","0.48016265984135204","0.3766504517025712","0.0017497812773403325","128","5","128","0.039344593986781556","1","false","3","9","SYNPCC7942_RS05640","2.204724409448819","127","1","false","0","SYNPCC7942_RS05640","396662","1"
"0.0","0.0","0.0","0.0","1","0","1","0.02782082921106008","1","false","1","9","SYNPCC7942_RS05900","127.0","0","0","false","0","SYNPCC7942_RS05900","0","0"
"0.0","0.0","0.0","1.0","2","0","2","8.666661626876812E-6","2","false","2","20","SYNPCC7942_RS11315","52.0","0","0","false","0","SYNPCC7942_RS11315","0","0"
"1.5555555555555556","0.34575499964451484","0.6428571428571428","0.014778325123152709","29","2","29","0.039344593986781556","1","false","3","10","SYNPCC7942_RS03160","6.448275862068965","28","0","false","0","SYNPCC7942_RS03160","301172","1"
"0.0","0.0","0.0","0.0","1","0","1","0.02782082921106008","1","false","1","10","SYNPCC7942_RS00335","29.0","0","0","false","0","SYNPCC7942_RS00335","0","0"
"1.0","0.19037371644474238","1.0","0.003864734299516908","46","1","46","0.039344593986781556","1","false","3","11","SYNPCC7942_RS00480","3.739130434782609","45","0","false","0","SYNPCC7942_RS00480","173278","1"
"0.0","0.0","0.0","0.0","1","0","1","0.02782082921106008","1","false","1","11","SYNPCC7942_RS01720","46.0","0","0","false","0","SYNPCC7942_RS01720","0","0"
"1.0","0.010725494378256498","1.0","0.16666666666666666","4","1","4","0.09496458575489436","2","false","2","10","SYNPCC7942_RS10350","14.5","2","0","false","0","SYNPCC7942_RS10350","8448","1"
"0.0","0.0","0.0","0.0","1","0","1","0.019676630324012304","1","false","1","4","SYNPCC7942_RS01695","74.0","0","0","false","0","SYNPCC7942_RS01695","0","0"
"0.0","0.0","0.0","0.0","1","0","1","0.019676630324012304","1","false","1","4","SYNPCC7942_RS10755","74.0","0","0","false","0","SYNPCC7942_RS10755","0","0"
"5.706106870229007","0.0","0.17525083612040135","0.0017825311942959","34","9","34","3.0790167311340755E-20","0","false","2","12","SYNPCC7942_RS08645","2.4411764705882355","34","0","false","0","SYNPCC7942_RS08645","0","1"
"0.0","0.0","0.0","0.0","1","0","1","1.477928030944357E-18","1","false","1","12","SYNPCC7942_RS13020","34.0","0","0","false","0","SYNPCC7942_RS13020","0","0"
"0.0","0.0","0.0","0.0","1","0","1","0.019672296993198866","1","false","1","5","SYNPCC7942_RS07280","48.0","0","0","false","0","SYNPCC7942_RS07280","0","0"
"0.0","0.0","0.0","0.0","1","0","1","0.019672296993198866","1","false","1","5","SYNPCC7942_RS05720","48.0","0","0","false","0","SYNPCC7942_RS05720","0","0"
"0.0","0.0","0.0","0.0","1","0","1","4.33333081343842E-6","1","false","1","3","SYNPCC7942_RS07600","74.0","0","0","false","0","SYNPCC7942_RS07600","0","0"
"0.0","0.0","0.0","0.0","1","0","1","0.019676630324012304","1","false","1","4","SYNPCC7942_RS01575","74.0","0","0","false","0","SYNPCC7942_RS01575","0","0"
"0.0","0.0","0.0","0.0","1","0","1","0.02782082921106008","1","false","1","9","SYNPCC7942_RS03335","127.0","0","0","false","0","SYNPCC7942_RS03335","0","0"
"1.5931034482758621","0.7434501863757783","0.6277056277056277","0.0026441036488630354","62","3","62","0.039344593986781556","1","false","3","13","SYNPCC7942_RS07805","4.338709677419355","61","0","false","0","SYNPCC7942_RS07805","610494","1"
"0.0","0.0","0.0","0.0","1","0","1","0.02782082921106008","1","false","1","13","SYNPCC7942_RS12465","62.0","0","0","false","0","SYNPCC7942_RS12465","0","0"
"2.0793357933579335","2.430462029109154","0.48092280390417036","0.004947433518862091","101","4","101","0.05564165842217341","2","false","3","14","SYNPCC7942_RS03565","5.3232323232323235","99","2","false","0","SYNPCC7942_RS03565","2030588","1"
"0.0","0.0","0.0","0.0","1","0","1","0.039344593986781556","1","false","1","14","SYNPCC7942_RS05730","99.0","0","0","false","0","SYNPCC7942_RS05730","0","0"
"0.0","0.0","0.0","1.0","2","0","2","0.06716542319784163","2","false","2","14","SYNPCC7942_RS05755","113.0","0","0","false","0","SYNPCC7942_RS05755","0","0"
"0.0","0.0","0.0","0.0","1","0","1","1.477928030944357E-18","1","false","1","12","SYNPCC7942_RS06470","34.0","0","0","false","0","SYNPCC7942_RS06470","0","0"
"0.0","0.0","0.0","0.0","2","0","2","0.019672296993198866","2","false","2","7","SYNPCC7942_RS01515","39.0","0","0","false","0","SYNPCC7942_RS01515","0","0"
"0.0","0.0","0.0","0.0","1","0","1","0.0671437565438343","1","false","1","6","SYNPCC7942_RS00030","26.0","0","0","false","0","SYNPCC7942_RS00030","0","0"
"0.0","0.0","0.0","1.0","2","0","2","8.666661626876812E-6","2","false","2","20","SYNPCC7942_RS04565","52.0","0","0","false","0","SYNPCC7942_RS04565","0","0"
"0.0","0.0","0.0","0.0","1","0","1","4.33333081343842E-6","1","false","1","3","SYNPCC7942_RS11295","74.0","0","0","false","0","SYNPCC7942_RS11295","0","0"
"0.0","0.0","0.0","0.0","1","0","1","0.019676630324012304","1","false","1","4","SYNPCC7942_RS13930","74.0","0","0","false","0","SYNPCC7942_RS13930","0","0"
"0.0","0.0","0.0","0.5","2","0","2","0.09496458575489436","2","false","2","6","SYNPCC7942_RS07455","27.5","0","0","false","0","SYNPCC7942_RS07455","0","0"
"0.0","0.0","0.0","0.0","2","0","2","0.027825162541873515","2","false","2","16","SYNPCC7942_RS11215","61.0","0","0","false","0","SYNPCC7942_RS11215","0","0"
"0.0","0.0","0.0","0.0","1","0","1","0.02782082921106008","1","false","1","10","SYNPCC7942_RS08360","29.0","0","0","false","0","SYNPCC7942_RS08360","0","0"
"0.0","0.0","0.0","0.0","1","0","1","0.02782082921106008","1","false","1","9","SYNPCC7942_RS06430","127.0","0","0","false","0","SYNPCC7942_RS06430","0","0"
"1.0","0.0","1.0","0.0","9","1","9","3.0790167311340755E-20","0","false","1","15","SYNPCC7942_RS08820","1.1111111111111112","9","0","false","0","SYNPCC7942_RS08820","0","1"
"0.0","0.0","0.0","0.0","1","0","1","1.477928030944357E-18","1","false","1","15","SYNPCC7942_RS10425","9.0","0","0","false","0","SYNPCC7942_RS10425","0","0"
"0.0","0.0","0.0","0.0","1","0","1","4.33333081343842E-6","1","false","1","3","SYNPCC7942_RS03310","74.0","0","0","false","0","SYNPCC7942_RS03310","0","0"
"1.4835164835164836","0.48487791624770205","0.674074074074074","0.0017730496453900709","48","2","48","0.039344593986781556","1","false","2","16","SYNPCC7942_RS05870","4.291666666666667","47","0","false","0","SYNPCC7942_RS05870","421626","1"
"0.0","0.0","0.0","0.0","1","0","1","0.02782082921106008","1","false","1","16","SYNPCC7942_RS06795","48.0","0","0","false","0","SYNPCC7942_RS06795","0","0"
"0.0","0.0","0.0","0.0","1","0","1","4.33333081343842E-6","1","false","1","3","SYNPCC7942_RS06545","74.0","0","0","false","0","SYNPCC7942_RS06545","0","0"
"0.0","0.0","0.0","0.5","2","0","2","0.06716542319784163","2","false","2","11","SYNPCC7942_RS08345","72.5","0","0","false","0","SYNPCC7942_RS08345","0","0"
"4.911609498680739","0.7112902079080208","0.2035992479183454","0.004267425320056899","38","8","38","1.477928030944357E-18","1","false","2","17","SYNPCC7942_RS04225","4.315789473684211","37","0","false","0","SYNPCC7942_RS04225","581944","1"
"0.0","0.0","0.0","0.0","1","0","1","3.4762098894503714E-17","1","false","1","17","SYNPCC7942_RS06040","38.0","0","0","false","0","SYNPCC7942_RS06040","0","0"
"4.104827586206897","1.3060092223000903","0.24361559139784947","0.001434308663224326","84","7","84","3.4762098894503714E-17","1","false","2","18","SYNPCC7942_RS09500","2.3214285714285716","83","0","false","0","SYNPCC7942_RS09500","1070388","1"
"0.0","0.0","0.0","0.0","1","0","1","5.34024661847894E-16","1","false","1","18","SYNPCC7942_RS01810","84.0","0","0","false","0","SYNPCC7942_RS01810","0","0"
"0.0","0.0","0.0","0.0","1","0","1","0.02782082921106008","1","false","1","9","SYNPCC7942_RS11930","127.0","0","0","false","0","SYNPCC7942_RS11930","0","0"
"0.0","0.0","0.0","0.0","1","0","1","0.02782082921106008","1","false","1","9","SYNPCC7942_RS11500","127.0","0","0","false","0","SYNPCC7942_RS11500","0","0"
"0.0","0.0","0.0","0.0","2","0","2","4.3333308139724145E-6","2","false","2","3","SYNPCC7942_RS01770","79.0","0","0","false","0","SYNPCC7942_RS01770","0","0"
"1.0","0.024459916511776716","1.0","0.004761904761904762","15","1","15","4.33333081343842E-6","1","false","2","19","SYNPCC7942_RS12560","6.333333333333333","14","0","false","0","SYNPCC7942_RS12560","19266","1"
"0.0","0.0","0.0","0.0","1","0","1","4.33333081343842E-6","1","false","1","19","SYNPCC7942_RS09000","15.0","0","0","false","0","SYNPCC7942_RS09000","0","0"
"2.290909090909091","0.013368780279716018","0.4365079365079365","0.017241379310344827","31","4","31","4.33333081343842E-6","1","false","3","20","SYNPCC7942_RS10260","4.1","30","1","false","0","SYNPCC7942_RS10260","11340","1"
"0.0","0.0","0.0","0.0","1","0","1","4.33333081343842E-6","1","false","1","20","SYNPCC7942_RS10265","30.0","0","0","false","0","SYNPCC7942_RS10265","0","0"
"0.0","0.0","0.0","0.0","1","0","1","0.02782082921106008","1","false","1","9","SYNPCC7942_RS04325","127.0","0","0","false","0","SYNPCC7942_RS04325","0","0"
"0.0","0.0","0.0","0.0","1","0","1","0.02782082921106008","1","false","1","9","SYNPCC7942_RS06445","127.0","0","0","false","0","SYNPCC7942_RS06445","0","0"
"0.0","0.0","0.0","0.0","1","0","1","0.019676630324012304","1","false","1","4","SYNPCC7942_RS01655","74.0","0","0","false","0","SYNPCC7942_RS01655","0","0"
"0.0","0.0","0.0","1.0","2","0","2","8.666661626876812E-6","2","false","2","20","SYNPCC7942_RS12900","52.0","0","0","false","0","SYNPCC7942_RS12900","0","0"
"0.0","0.0","0.0","0.5","2","0","2","0.019680963654825738","2","false","2","4","SYNPCC7942_RS00060","74.0","0","0","false","0","SYNPCC7942_RS00060","0","0"
"0.0","0.0","0.0","0.5","2","0","2","0.019680963654825738","2","false","2","4","SYNPCC7942_RS11240","74.0","0","0","false","0","SYNPCC7942_RS11240","0","0"
"0.0","0.0","0.0","0.0","1","0","1","0.02782082921106008","1","false","1","9","SYNPCC7942_RS12070","127.0","0","0","false","0","SYNPCC7942_RS12070","0","0"
"0.0","0.0","0.0","0.0","1","0","1","0.019672296993198866","1","false","1","5","SYNPCC7942_RS05480","48.0","0","0","false","0","SYNPCC7942_RS05480","0","0"
"0.0","0.0","0.0","0.0","1","0","1","0.02782082921106008","1","false","1","9","SYNPCC7942_RS02945","127.0","0","0","false","0","SYNPCC7942_RS02945","0","0"
"0.0","0.0","0.0","0.0","1","0","1","0.019672296993198866","1","false","1","5","SYNPCC7942_RS03280","48.0","0","0","false","0","SYNPCC7942_RS03280","0","0"
"0.0","0.0","0.0","0.0","1","0","1","0.02782082921106008","1","false","1","11","SYNPCC7942_RS01585","46.0","0","0","false","0","SYNPCC7942_RS01585","0","0"
"0.0","0.0","0.0","0.0","2","0","2","0.05902122431079385","2","false","2","4","SYNPCC7942_RS12180","86.5","0","0","false","0","SYNPCC7942_RS12180","0","0"
"0.0","0.0","0.0","0.5","2","0","2","0.09496458575489436","2","false","2","10","SYNPCC7942_RS12515","16.5","0","0","false","0","SYNPCC7942_RS12515","0","0"
"0.0","0.0","0.0","0.0","1","0","1","1.477928030944357E-18","1","false","1","12","SYNPCC7942_RS10790","34.0","0","0","false","0","SYNPCC7942_RS10790","0","0"
"0.0","0.0","0.0","0.0","1","0","1","1.477928030944357E-18","1","false","1","7","SYNPCC7942_RS11290","30.0","0","0","false","0","SYNPCC7942_RS11290","0","0"
"0.0","0.0","0.0","0.0","1","0","1","0.02782082921106008","1","false","1","9","SYNPCC7942_RS00810","127.0","0","0","false","0","SYNPCC7942_RS00810","0","0"
"0.0","0.0","0.0","0.0","1","0","1","1.477928030944357E-18","1","false","1","12","SYNPCC7942_RS11845","34.0","0","0","false","0","SYNPCC7942_RS11845","0","0"
"0.0","0.0","0.0","0.0","1","0","1","4.33333081343842E-6","1","false","1","3","SYNPCC7942_RS04550","74.0","0","0","false","0","SYNPCC7942_RS04550","0","0"
"0.0","0.0","0.0","0.0","1","0","1","0.02782082921106008","1","false","1","9","SYNPCC7942_RS04605","127.0","0","0","false","0","SYNPCC7942_RS04605","0","0"
"0.0","0.0","0.0","1.0","2","0","2","0.06716542319784163","2","false","2","14","SYNPCC7942_RS00545","113.0","0","0","false","0","SYNPCC7942_RS00545","0","0"
"0.0","0.0","0.0","0.0","1","0","1","1.477928030944357E-18","1","false","1","7","SYNPCC7942_RS06245","30.0","0","0","false","0","SYNPCC7942_RS06245","0","0"
"0.0","0.0","0.0","0.0","1","0","1","0.019676630324012304","1","false","1","4","SYNPCC7942_RS06760","74.0","0","0","false","0","SYNPCC7942_RS06760","0","0"
"0.0","0.0","0.0","0.0","1","0","1","0.02782082921106008","1","false","1","9","SYNPCC7942_RS04780","127.0","0","0","false","0","SYNPCC7942_RS04780","0","0"
"0.0","0.0","0.0","0.0","1","0","1","0.039335927325160745","1","false","1","2","SYNPCC7942_RS12120","17.0","0","0","false","0","SYNPCC7942_RS12120","0","0"
"0.0","0.0","0.0","0.0","1","0","1","1.477928030944357E-18","1","false","1","15","SYNPCC7942_RS08830","9.0","0","0","false","0","SYNPCC7942_RS08830","0","0"
"0.0","0.0","0.0","0.0","1","0","1","4.33333081343842E-6","1","false","1","3","SYNPCC7942_RS09545","74.0","0","0","false","0","SYNPCC7942_RS09545","0","0"
"1.5813953488372092","0.12121916166448297","0.6323529411764707","0.014285714285714285","22","3","22","0.09496458575489436","2","false","3","21","SYNPCC7942_RS00645","3.857142857142857","20","1","false","0","SYNPCC7942_RS00645","103546","1"
"0.0","0.0","0.0","0.0","2","0","2","0.09496458575489436","2","false","2","21","SYNPCC7942_RS00120","34.5","0","0","false","0","SYNPCC7942_RS00120","0","0"
"0.0","0.0","0.0","0.0","1","0","1","0.027820829211113333","1","false","1","8","SYNPCC7942_RS10065","57.0","0","0","false","0","SYNPCC7942_RS10065","0","0"
"0.0","0.0","0.0","0.5","2","0","2","0.09496458575489436","2","false","2","6","SYNPCC7942_RS06915","27.5","0","0","false","0","SYNPCC7942_RS06915","0","0"
"0.0","0.0","0.0","0.0","1","0","1","1.477928030944357E-18","1","false","1","7","SYNPCC7942_RS11265","30.0","0","0","false","0","SYNPCC7942_RS11265","0","0"
"0.0","0.0","0.0","0.6666666666666666","3","0","3","0.16210834229872867","3","false","3","21","SYNPCC7942_RS06955","25.333333333333332","0","0","false","0","SYNPCC7942_RS06955","0","0"
"0.0","0.0","0.0","0.0","1","0","1","0.02782082921106008","1","false","1","11","SYNPCC7942_RS06105","46.0","0","0","false","0","SYNPCC7942_RS06105","0","0"
"0.0","0.0","0.0","0.0","1","0","1","0.02782082921106008","1","false","1","9","SYNPCC7942_RS05010","127.0","0","0","false","0","SYNPCC7942_RS05010","0","0"
"0.0","0.0","0.0","0.0","1","0","1","0.02782082921106008","1","false","1","9","SYNPCC7942_RS04335","127.0","0","0","false","0","SYNPCC7942_RS04335","0","0"
"0.0","0.0","0.0","0.0","1","0","1","8.66666162684208E-6","1","false","1","29","SYNPCC7942_RS09960","41.0","0","0","false","0","SYNPCC7942_RS09960","0","0"
"0.0","0.0","0.0","0.0","1","0","1","1.477928030944357E-18","1","false","1","12","SYNPCC7942_RS09660","34.0","0","0","false","0","SYNPCC7942_RS09660","0","0"
"0.0","0.0","0.0","0.0","1","0","1","0.0671437565438343","1","false","1","21","SYNPCC7942_RS08620","21.0","0","0","false","0","SYNPCC7942_RS08620","0","0"
"0.0","0.0","0.0","0.0","1","0","1","0.027820829211113333","1","false","1","8","SYNPCC7942_RS09375","57.0","0","0","false","0","SYNPCC7942_RS09375","0","0"
"0.0","0.0","0.0","1.0","2","0","2","0.06716542319784163","2","false","2","14","SYNPCC7942_RS06005","113.0","0","0","false","0","SYNPCC7942_RS06005","0","0"
"0.0","0.0","0.0","1.0","2","0","2","8.666661626876812E-6","2","false","2","20","SYNPCC7942_RS11305","52.0","0","0","false","0","SYNPCC7942_RS11305","0","0"
"0.0","0.0","0.0","0.0","1","0","1","0.02782082921106008","1","false","1","9","SYNPCC7942_RS07645","127.0","0","0","false","0","SYNPCC7942_RS07645","0","0"
"0.0","0.0","0.0","0.5","2","0","2","0.04749745953507238","2","false","2","13","SYNPCC7942_RS00770","68.0","0","0","false","0","SYNPCC7942_RS00770","0","0"
"0.0","0.0","0.0","0.0","1","0","1","1.477928030944357E-18","1","false","1","7","SYNPCC7942_RS11210","30.0","0","0","false","0","SYNPCC7942_RS11210","0","0"
"0.0","0.0","0.0","0.0","2","0","2","0.019680963654825738","2","false","2","20","SYNPCC7942_RS03505","52.0","0","0","false","0","SYNPCC7942_RS03505","0","0"
"0.0","0.0","0.0","0.0","1","0","1","0.02782082921106008","1","false","1","9","SYNPCC7942_RS04350","127.0","0","0","false","0","SYNPCC7942_RS04350","0","0"
"0.0","0.0","0.0","0.3333333333333333","3","0","3","8.666661626878257E-6","3","false","2","7","SYNPCC7942_RS11225","44.666666666666664","0","0","false","0","SYNPCC7942_RS11225","0","0"
"0.0","0.0","0.0","0.0","2","0","2","0.05564165842212016","2","false","2","11","SYNPCC7942_RS03490","86.5","0","0","false","0","SYNPCC7942_RS03490","0","0"
"1.0","0.018548706541942166","1.0","0.0","4","1","4","0.039344593986781556","1","false","1","0","SYNPCC7942_RS06700","25.5","3","0","false","0","SYNPCC7942_RS06700","14610","1"
"0.0","0.0","0.0","0.0","1","0","1","0.02782082921106008","1","false","1","0","SYNPCC7942_RS07540","4.0","0","0","false","0","SYNPCC7942_RS07540","0","0"
"0.0","0.0","0.0","0.5","3","0","3","0.09498625240890171","3","false","3","11","SYNPCC7942_RS01800","90.66666666666667","0","0","false","0","SYNPCC7942_RS01800","0","0"
"0.0","0.0","0.0","0.0","1","0","1","0.02782082921106008","1","false","1","13","SYNPCC7942_RS05255","62.0","0","0","false","0","SYNPCC7942_RS05255","0","0"
"0.0","0.0","0.0","0.0","1","0","1","0.027820829211113333","1","false","1","8","SYNPCC7942_RS02435","57.0","0","0","false","0","SYNPCC7942_RS02435","0","0"
"0.0","0.0","0.0","0.0","1","0","1","5.34024661847894E-16","1","false","1","18","SYNPCC7942_RS07670","84.0","0","0","false","0","SYNPCC7942_RS07670","0","0"
"0.0","0.0","0.0","0.5","2","0","2","0.06716542319784163","2","false","2","11","SYNPCC7942_RS04320","72.5","0","0","false","0","SYNPCC7942_RS04320","0","0"
"0.0","0.0","0.0","0.0","1","0","1","0.02782082921106008","1","false","1","10","SYNPCC7942_RS08490","29.0","0","0","false","0","SYNPCC7942_RS08490","0","0"
"0.0","0.0","0.0","0.0","1","0","1","0.02782082921106008","1","false","1","11","SYNPCC7942_RS04520","46.0","0","0","false","0","SYNPCC7942_RS04520","0","0"
"0.0","0.0","0.0","0.0","1","0","1","0.0671437565438343","1","false","1","6","SYNPCC7942_RS10570","26.0","0","0","false","0","SYNPCC7942_RS10570","0","0"
"0.0","0.0","0.0","0.0","1","0","1","0.019676630324012304","1","false","1","4","SYNPCC7942_RS09805","74.0","0","0","false","0","SYNPCC7942_RS09805","0","0"
"0.0","0.0","0.0","0.0","1","0","1","5.34024661847894E-16","1","false","1","18","SYNPCC7942_RS04510","84.0","0","0","false","0","SYNPCC7942_RS04510","0","0"
"1.0","0.030226393247813767","1.0","0.0","8","1","8","8.66666162684208E-6","1","false","2","0","SYNPCC7942_RS06745","6.125","7","0","false","0","SYNPCC7942_RS06745","23808","1"
"0.0","0.0","0.0","0.0","1","0","1","8.666661626342819E-6","1","false","1","0","SYNPCC7942_RS09850","8.0","0","0","false","0","SYNPCC7942_RS09850","0","0"
"0.0","0.0","0.0","0.0","1","0","1","0.019672296993198866","1","false","1","5","SYNPCC7942_RS12570","48.0","0","0","false","0","SYNPCC7942_RS12570","0","0"
"0.0","0.0","0.0","0.0","1","0","1","4.33333081343842E-6","1","false","1","3","SYNPCC7942_RS04915","74.0","0","0","false","0","SYNPCC7942_RS04915","0","0"
"0.0","0.0","0.0","0.0","1","0","1","4.33333081343842E-6","1","false","1","19","SYNPCC7942_RS04310","15.0","0","0","false","0","SYNPCC7942_RS04310","0","0"
"0.0","0.0","0.0","0.0","1","0","1","0.0671437565438343","1","false","1","21","SYNPCC7942_RS09295","21.0","0","0","false","0","SYNPCC7942_RS09295","0","0"
"0.0","0.0","0.0","0.5","2","0","2","0.06715675653622082","2","false","2","2","SYNPCC7942_RS12995","39.5","0","0","false","0","SYNPCC7942_RS12995","0","0"
"0.0","0.0","0.0","0.0","1","0","1","0.039335927325160745","1","false","1","2","SYNPCC7942_RS07720","17.0","0","0","false","0","SYNPCC7942_RS07720","0","1"
"0.0","0.0","0.0","0.0","1","0","1","0.039344593986781556","1","false","1","14","SYNPCC7942_RS09945","99.0","0","0","false","0","SYNPCC7942_RS09945","0","0"
"0.0","0.0","0.0","0.0","1","0","1","4.33333081343842E-6","1","false","1","3","SYNPCC7942_RS12670","74.0","0","0","false","0","SYNPCC7942_RS12670","0","0"
"0.0","0.0","0.0","0.5","2","0","2","0.06715675653622082","2","false","2","2","SYNPCC7942_RS01420","39.5","0","0","false","0","SYNPCC7942_RS01420","0","0"
"0.0","0.0","0.0","0.0","1","0","1","0.0671437565438343","1","false","1","21","SYNPCC7942_RS05840","21.0","0","0","false","0","SYNPCC7942_RS05840","0","0"
"0.0","0.0","0.0","0.0","1","0","1","1.477928030944357E-18","1","false","1","7","SYNPCC7942_RS11205","30.0","0","0","false","0","SYNPCC7942_RS11205","0","0"
"0.0","0.0","0.0","0.0","1","0","1","4.33333081343842E-6","1","false","1","3","SYNPCC7942_RS12420","74.0","0","0","false","0","SYNPCC7942_RS12420","0","0"
"0.0","0.0","0.0","0.0","1","0","1","0.039344593986781556","1","false","1","14","SYNPCC7942_RS00985","99.0","0","0","false","0","SYNPCC7942_RS00985","0","0"
"0.0","0.0","0.0","0.0","2","0","2","0.04749745953507238","2","false","2","11","SYNPCC7942_RS10455","60.0","0","0","false","0","SYNPCC7942_RS10455","0","0"
"0.0","0.0","0.0","0.0","1","0","1","0.02782082921106008","1","false","1","13","SYNPCC7942_RS01925","62.0","0","0","false","0","SYNPCC7942_RS01925","0","0"
"0.0","0.0","0.0","0.0","1","0","1","0.019676630324012304","1","false","1","4","SYNPCC7942_RS01685","74.0","0","0","false","0","SYNPCC7942_RS01685","0","0"
"0.0","0.0","0.0","0.0","1","0","1","4.33333081343842E-6","1","false","1","3","SYNPCC7942_RS06250","74.0","0","0","false","0","SYNPCC7942_RS06250","0","0"
"0.0","0.0","0.0","0.0","1","0","1","5.34024661847894E-16","1","false","1","18","SYNPCC7942_RS02600","84.0","0","0","false","0","SYNPCC7942_RS02600","0","0"
"0.0","0.0","0.0","0.0","1","0","1","0.019676630324012304","1","false","1","4","SYNPCC7942_RS07300","74.0","0","0","false","0","SYNPCC7942_RS07300","0","0"
"0.0","0.0","0.0","0.0","1","0","1","0.02782082921106008","1","false","1","10","SYNPCC7942_RS04800","29.0","0","0","false","0","SYNPCC7942_RS04800","0","0"
"0.0","0.0","0.0","1.0","2","0","2","8.666661626876812E-6","2","false","2","20","SYNPCC7942_RS12845","52.0","0","0","false","0","SYNPCC7942_RS12845","0","0"
"0.0","0.0","0.0","0.0","2","0","2","0.039348927317211166","2","false","2","5","SYNPCC7942_RS11770","61.0","0","0","false","0","SYNPCC7942_RS11770","0","0"
"0.0","0.0","0.0","0.0","1","0","1","0.02782082921106008","1","false","1","13","SYNPCC7942_RS12565","62.0","0","0","false","0","SYNPCC7942_RS12565","0","0"
"0.0","0.0","0.0","0.0","1","0","1","0.02782082921106008","1","false","1","13","SYNPCC7942_RS00535","62.0","0","0","false","0","SYNPCC7942_RS00535","0","0"
"0.0","0.0","0.0","0.0","1","0","1","4.33333081343842E-6","1","false","1","3","SYNPCC7942_RS02730","74.0","0","0","false","0","SYNPCC7942_RS02730","0","0"
"0.0","0.0","0.0","0.5","2","0","2","0.06716542319784163","2","false","2","11","SYNPCC7942_RS12170","72.5","0","0","false","0","SYNPCC7942_RS12170","0","0"
"0.0","0.0","0.0","0.5","2","0","2","0.06716542319784163","2","false","2","10","SYNPCC7942_RS08170","64.0","0","0","false","0","SYNPCC7942_RS08170","0","0"
"0.0","0.0","0.0","0.0","1","0","1","1.477928030944357E-18","1","false","1","12","SYNPCC7942_RS02905","34.0","0","0","false","0","SYNPCC7942_RS02905","0","0"
"0.0","0.0","0.0","0.0","1","0","1","0.019676630324012304","1","false","1","4","SYNPCC7942_RS06310","74.0","0","0","false","0","SYNPCC7942_RS06310","0","0"
"0.0","0.0","0.0","0.0","1","0","1","4.33333081343842E-6","1","false","1","3","SYNPCC7942_RS11330","74.0","0","0","false","0","SYNPCC7942_RS11330","0","0"
"0.0","0.0","0.0","0.0","1","0","1","0.02782082921106008","1","false","1","16","SYNPCC7942_RS13040","48.0","0","0","false","0","SYNPCC7942_RS13040","0","0"
"0.0","0.0","0.0","0.0","1","0","1","8.66666162684208E-6","1","false","1","29","SYNPCC7942_RS04945","41.0","0","0","false","0","SYNPCC7942_RS04945","0","0"
"0.0","0.0","0.0","0.0","1","0","1","0.019676630324012304","1","false","1","4","SYNPCC7942_RS02575","74.0","0","0","false","0","SYNPCC7942_RS02575","0","0"
"0.0","0.0","0.0","0.0","1","0","1","0.027820829211113333","1","false","1","8","SYNPCC7942_RS10415","57.0","0","0","false","0","SYNPCC7942_RS10415","0","0"
"0.0","0.0","0.0","0.0","1","0","1","0.02782082921106008","1","false","1","9","SYNPCC7942_RS05710","127.0","0","0","false","0","SYNPCC7942_RS05710","0","0"
"0.0","0.0","0.0","0.0","2","0","2","0.05564165842217341","2","false","2","8","SYNPCC7942_RS09970","59.5","0","0","false","0","SYNPCC7942_RS09970","0","0"
"0.0","0.0","0.0","0.0","1","0","1","0.02782082921106008","1","false","1","11","SYNPCC7942_RS04870","46.0","0","0","false","0","SYNPCC7942_RS04870","0","0"
"3.6386986301369864","1.5406344901835318","0.2748235294117647","0.0035460992907801418","48","6","48","5.34024661847894E-16","1","false","2","24","SYNPCC7942_RS05070","4.125","47","0","false","0","SYNPCC7942_RS05070","1275086","1"
"0.0","0.0","0.0","0.0","2","0","2","0.027825162541873515","2","false","2","11","SYNPCC7942_RS11915","60.0","0","0","false","0","SYNPCC7942_RS11915","0","0"
"0.0","0.0","0.0","0.5","2","0","2","0.06716542319784163","2","false","2","11","SYNPCC7942_RS10695","72.5","0","0","false","0","SYNPCC7942_RS10695","0","0"
"0.0","0.0","0.0","0.0","1","0","1","5.34024661847894E-16","1","false","1","18","SYNPCC7942_RS10550","84.0","0","0","false","0","SYNPCC7942_RS10550","0","0"
"0.0","0.0","0.0","0.0","2","0","2","0.05902122431079385","2","false","2","4","SYNPCC7942_RS11800","86.5","0","0","false","0","SYNPCC7942_RS11800","0","0"
"0.0","0.0","0.0","0.0","1","0","1","0.039344593986781556","1","false","1","14","SYNPCC7942_RS02275","99.0","0","0","false","0","SYNPCC7942_RS02275","0","0"
"0.0","0.0","0.0","0.0","1","0","1","0.02782082921106008","1","false","1","9","SYNPCC7942_RS07590","127.0","0","0","false","0","SYNPCC7942_RS07590","0","0"
"0.0","0.0","0.0","0.0","1","0","1","0.02782082921106008","1","false","1","11","SYNPCC7942_RS07440","46.0","0","0","false","0","SYNPCC7942_RS07440","0","0"
"0.0","0.0","0.0","0.0","1","0","1","1.477928030944357E-18","1","false","1","12","SYNPCC7942_RS03990","34.0","0","0","false","0","SYNPCC7942_RS03990","0","0"
"0.0","0.0","0.0","0.0","1","0","1","5.34024661847894E-16","1","false","1","18","SYNPCC7942_RS02360","84.0","0","0","false","0","SYNPCC7942_RS02360","0","0"
"0.0","0.0","0.0","0.0","2","0","2","0.027825162541873515","2","false","2","19","SYNPCC7942_RS04330","71.0","0","0","false","0","SYNPCC7942_RS04330","0","0"
"0.0","0.0","0.0","0.0","1","0","1","0.039344593986781556","1","false","1","14","SYNPCC7942_RS12890","99.0","0","0","false","0","SYNPCC7942_RS12890","0","0"
"0.0","0.0","0.0","0.0","2","0","2","0.027825162541873515","2","false","2","3","SYNPCC7942_RS08100","100.5","0","0","false","0","SYNPCC7942_RS08100","0","0"
"0.0","0.0","0.0","0.5","2","0","2","0.06716542319784163","2","false","2","13","SYNPCC7942_RS04860","80.5","0","0","false","0","SYNPCC7942_RS04860","0","0"
"0.0","0.0","0.0","0.0","2","0","2","0.039348927317211166","2","false","2","5","SYNPCC7942_RS07275","61.0","0","0","false","0","SYNPCC7942_RS07275","0","0"
"0.0","0.0","0.0","0.0","1","0","1","0.02782082921106008","1","false","1","9","SYNPCC7942_RS04940","127.0","0","0","false","0","SYNPCC7942_RS04940","0","0"
"0.0","0.0","0.0","0.0","1","0","1","0.02782082921106008","1","false","1","9","SYNPCC7942_RS11525","127.0","0","0","false","0","SYNPCC7942_RS11525","0","0"
"0.0","0.0","0.0","0.0","2","0","2","0.02782082921106061","2","false","2","13","SYNPCC7942_RS10795","73.0","0","0","false","0","SYNPCC7942_RS10795","0","0"
"0.0","0.0","0.0","0.0","1","0","1","5.34024661847894E-16","1","false","1","18","SYNPCC7942_RS00355","84.0","0","0","false","0","SYNPCC7942_RS00355","0","0"
"0.0","0.0","0.0","0.0","1","0","1","0.02782082921106008","1","false","1","9","SYNPCC7942_RS04155","127.0","0","0","false","0","SYNPCC7942_RS04155","0","0"
"0.0","0.0","0.0","1.0","2","0","2","0.06716542319784163","2","false","2","14","SYNPCC7942_RS00960","113.0","0","0","false","0","SYNPCC7942_RS00960","0","0"
"0.0","0.0","0.0","0.0","1","0","1","5.34024661847894E-16","1","false","1","18","SYNPCC7942_RS04970","84.0","0","0","false","0","SYNPCC7942_RS04970","0","0"
"0.0","0.0","0.0","0.0","1","0","1","0.02782082921106008","1","false","1","9","SYNPCC7942_RS01730","127.0","0","0","false","0","SYNPCC7942_RS01730","0","0"
"0.0","0.0","0.0","0.5","2","0","2","5.687559705750863E-16","2","false","2","17","SYNPCC7942_RS11815","61.0","0","0","false","0","SYNPCC7942_RS11815","0","0"
"0.0","0.0","0.0","0.0","1","0","1","0.0671437565438343","1","false","1","21","SYNPCC7942_RS05560","21.0","0","0","false","0","SYNPCC7942_RS05560","0","0"
"0.0","0.0","0.0","0.0","1","0","1","1.477928030944357E-18","1","false","1","12","SYNPCC7942_RS02050","34.0","0","0","false","0","SYNPCC7942_RS02050","0","0"
"0.0","0.0","0.0","0.0","1","0","1","0.02782082921106008","1","false","1","0","SYNPCC7942_RS10600","4.0","0","0","false","0","SYNPCC7942_RS10600","0","0"
"0.0","0.0","0.0","1.0","2","0","2","0.06716542319784163","2","false","2","14","SYNPCC7942_RS04030","113.0","0","0","false","0","SYNPCC7942_RS04030","0","0"
"0.0","0.0","0.0","0.0","1","0","1","0.027820829211113333","1","false","1","8","SYNPCC7942_RS01970","57.0","0","0","false","0","SYNPCC7942_RS01970","0","0"
"0.0","0.0","0.0","0.0","1","0","1","3.4762098894503714E-17","1","false","1","0","SYNPCC7942_RS05590","4.0","0","0","false","0","SYNPCC7942_RS05590","0","0"
"0.0","0.0","0.0","1.0","2","0","2","8.666661626876812E-6","2","false","2","20","SYNPCC7942_RS04680","52.0","0","0","false","0","SYNPCC7942_RS04680","0","0"
"0.0","0.0","0.0","0.0","1","0","1","0.02782082921106008","1","false","1","9","SYNPCC7942_RS04000","127.0","0","0","false","0","SYNPCC7942_RS04000","0","0"
"0.0","0.0","0.0","0.0","1","0","1","0.02782082921106008","1","false","1","16","SYNPCC7942_RS05120","48.0","0","0","false","0","SYNPCC7942_RS05120","0","0"
"0.0","0.0","0.0","0.0","2","0","2","4.3333308139724145E-6","2","false","2","3","SYNPCC7942_RS09590","79.0","0","0","false","0","SYNPCC7942_RS09590","0","0"
"0.0","0.0","0.0","0.0","1","0","1","1.477928030944357E-18","1","false","1","7","SYNPCC7942_RS13235","30.0","0","0","false","0","SYNPCC7942_RS13235","0","0"
"0.0","0.0","0.0","0.0","1","0","1","0.039344593986781556","1","false","1","14","SYNPCC7942_RS06680","99.0","0","0","false","0","SYNPCC7942_RS06680","0","0"
"0.0","0.0","0.0","1.0","2","0","2","0.06716542319784163","2","false","2","14","SYNPCC7942_RS11120","113.0","0","0","false","0","SYNPCC7942_RS11120","0","0"
"0.0","0.0","0.0","0.0","1","0","1","5.34024661847894E-16","1","false","1","18","SYNPCC7942_RS11395","84.0","0","0","false","0","SYNPCC7942_RS11395","0","0"
"0.0","0.0","0.0","0.0","1","0","1","1.477928030944357E-18","1","false","1","12","SYNPCC7942_RS09320","34.0","0","0","false","0","SYNPCC7942_RS09320","0","0"
"0.0","0.0","0.0","0.0","1","0","1","0.019672296993198866","1","false","1","5","SYNPCC7942_RS08870","48.0","0","0","false","0","SYNPCC7942_RS08870","0","0"
"0.0","0.0","0.0","0.0","1","0","1","0.019672296993198866","1","false","1","5","SYNPCC7942_RS01670","48.0","0","0","false","0","SYNPCC7942_RS01670","0","0"
"0.0","0.0","0.0","0.0","1","0","1","0.039344593986781556","1","false","1","14","SYNPCC7942_RS06275","99.0","0","0","false","0","SYNPCC7942_RS06275","0","0"
"0.0","0.0","0.0","0.0","1","0","1","4.33333081343842E-6","1","false","1","3","SYNPCC7942_RS12715","74.0","0","0","false","0","SYNPCC7942_RS12715","0","0"
"0.0","0.0","0.0","0.0","1","0","1","0.039344593986781556","1","false","1","14","SYNPCC7942_RS03340","99.0","0","0","false","0","SYNPCC7942_RS03340","0","0"
"0.0","0.0","0.0","1.0","2","0","2","0.06716542319784163","2","false","2","14","SYNPCC7942_RS06950","113.0","0","0","false","0","SYNPCC7942_RS06950","0","0"
"0.0","0.0","0.0","0.0","1","0","1","5.34024661847894E-16","1","false","1","18","SYNPCC7942_RS02175","84.0","0","0","false","0","SYNPCC7942_RS02175","0","0"
"0.0","0.0","0.0","0.0","2","0","2","0.04749745953507238","2","false","2","11","SYNPCC7942_RS03480","60.0","0","0","false","0","SYNPCC7942_RS03480","0","0"
"0.0","0.0","0.0","1.0","2","0","2","0.06716542319784163","2","false","2","14","SYNPCC7942_RS01625","113.0","0","0","false","0","SYNPCC7942_RS01625","0","0"
"0.0","0.0","0.0","1.0","2","0","2","0.06716542319784163","2","false","2","14","SYNPCC7942_RS04160","113.0","0","0","false","0","SYNPCC7942_RS04160","0","0"
"0.0","0.0","0.0","0.0","1","0","1","5.34024661847894E-16","1","false","1","18","SYNPCC7942_RS12980","84.0","0","0","false","0","SYNPCC7942_RS12980","0","0"
"0.0","0.0","0.0","0.0","1","0","1","0.02782082921106008","1","false","1","16","SYNPCC7942_RS09830","48.0","0","0","false","0","SYNPCC7942_RS09830","0","0"
"0.0","0.0","0.0","1.0","2","0","2","8.666661626876812E-6","2","false","2","20","SYNPCC7942_RS11285","52.0","0","0","false","0","SYNPCC7942_RS11285","0","0"
"0.0","0.0","0.0","0.0","1","0","1","5.34024661847894E-16","1","false","1","18","SYNPCC7942_RS00900","84.0","0","0","false","0","SYNPCC7942_RS00900","0","0"
"0.0","0.0","0.0","0.0","1","0","1","0.039335927325160745","1","false","1","2","SYNPCC7942_RS07260","17.0","0","0","false","0","SYNPCC7942_RS07260","0","0"
"0.0","0.0","0.0","0.0","1","0","1","0.02782082921106008","1","false","1","13","SYNPCC7942_RS02455","62.0","0","0","false","0","SYNPCC7942_RS02455","0","0"
"0.0","0.0","0.0","0.0","2","0","2","0.05564165842212016","2","false","2","11","SYNPCC7942_RS02220","86.5","0","0","false","0","SYNPCC7942_RS02220","0","0"
"0.0","0.0","0.0","0.0","1","0","1","4.33333081343842E-6","1","false","1","3","SYNPCC7942_RS09725","74.0","0","0","false","0","SYNPCC7942_RS09725","0","0"
"0.0","0.0","0.0","0.0","1","0","1","1.477928030944357E-18","1","false","1","12","SYNPCC7942_RS09100","34.0","0","0","false","0","SYNPCC7942_RS09100","0","0"
"0.0","0.0","0.0","0.0","2","0","2","8.666661626843529E-6","2","false","2","12","SYNPCC7942_RS00460","37.5","0","0","false","0","SYNPCC7942_RS00460","0","0"
"0.0","0.0","0.0","0.0","1","0","1","0.02782082921106008","1","false","1","9","SYNPCC7942_RS05270","127.0","0","0","false","0","SYNPCC7942_RS05270","0","0"
"0.0","0.0","0.0","0.0","1","0","1","0.027820829211113333","1","false","1","8","SYNPCC7942_RS06095","57.0","0","0","false","0","SYNPCC7942_RS06095","0","0"
"0.0","0.0","0.0","0.0","1","0","1","0.02782082921106008","1","false","1","9","SYNPCC7942_RS10010","127.0","0","0","false","0","SYNPCC7942_RS10010","0","0"
"0.0","0.0","0.0","0.0","1","0","1","0.02782082921106008","1","false","1","9","SYNPCC7942_RS09040","127.0","0","0","false","0","SYNPCC7942_RS09040","0","0"
"0.0","0.0","0.0","0.0","1","0","1","0.019676630324012304","1","false","1","4","SYNPCC7942_RS01500","74.0","0","0","false","0","SYNPCC7942_RS01500","0","0"
"0.0","0.0","0.0","0.0","2","0","2","0.05564165842212016","2","false","2","11","SYNPCC7942_RS00700","47.0","0","0","false","0","SYNPCC7942_RS00700","0","0"
"0.0","0.0","0.0","0.0","1","0","1","0.027820829211113333","1","false","1","8","SYNPCC7942_RS09625","57.0","0","0","false","0","SYNPCC7942_RS09625","0","0"
"0.0","0.0","0.0","0.0","1","0","1","4.33333081343842E-6","1","false","1","3","SYNPCC7942_RS11200","74.0","0","0","false","0","SYNPCC7942_RS11200","0","0"
"0.0","0.0","0.0","0.0","1","0","1","0.02782082921106008","1","false","1","9","SYNPCC7942_RS09275","127.0","0","0","false","0","SYNPCC7942_RS09275","0","0"
"0.0","0.0","0.0","0.0","1","0","1","0.02782082921106008","1","false","1","16","SYNPCC7942_RS04570","48.0","0","0","false","0","SYNPCC7942_RS04570","0","0"
"0.0","0.0","0.0","1.0","2","0","2","0.06716542319784163","2","false","2","14","SYNPCC7942_RS11710","113.0","0","0","false","0","SYNPCC7942_RS11710","0","0"
"0.0","0.0","0.0","0.0","2","0","2","0.05564165842212016","2","false","2","10","SYNPCC7942_RS01780","78.0","0","0","false","0","SYNPCC7942_RS01780","0","0"
"0.0","0.0","0.0","1.0","2","0","2","0.06716542319784163","2","false","2","14","SYNPCC7942_RS06845","113.0","0","0","false","0","SYNPCC7942_RS06845","0","0"
"0.0","0.0","0.0","0.0","1","0","1","0.02782082921106008","1","false","1","11","SYNPCC7942_RS02745","46.0","0","0","false","0","SYNPCC7942_RS02745","0","0"
"0.0","0.0","0.0","0.5","3","0","3","0.01968529698563918","3","false","3","20","SYNPCC7942_RS00720","59.333333333333336","0","0","false","0","SYNPCC7942_RS00720","0","0"
"0.0","0.0","0.0","0.0","1","0","1","0.019672296993198866","1","false","1","5","SYNPCC7942_RS08080","48.0","0","0","false","0","SYNPCC7942_RS08080","0","0"
"0.0","0.0","0.0","0.0","1","0","1","0.02782082921106008","1","false","1","13","SYNPCC7942_RS08935","62.0","0","0","false","0","SYNPCC7942_RS08935","0","0"
"0.0","0.0","0.0","1.0","2","0","2","0.0671654231978949","2","false","2","8","SYNPCC7942_RS03995","78.0","0","0","false","0","SYNPCC7942_RS03995","0","0"
"0.0","0.0","0.0","0.0","1","0","1","0.02782082921106008","1","false","1","13","SYNPCC7942_RS05555","62.0","0","0","false","0","SYNPCC7942_RS05555","0","0"
"2.5142857142857142","0.06673471667834689","0.39772727272727276","0.008771929824561403","19","4","19","8.66666162684208E-6","1","false","2","25","SYNPCC7942_RS10040","3.6315789473684212","18","0","false","0","SYNPCC7942_RS10040","52564","1"
"0.0","0.0","0.0","0.0","1","0","1","8.666661626342819E-6","1","false","1","25","SYNPCC7942_RS11385","19.0","0","0","false","0","SYNPCC7942_RS11385","0","0"
"0.0","0.0","0.0","0.0","1","0","1","0.019672296993198866","1","false","1","5","SYNPCC7942_RS02470","48.0","0","0","false","0","SYNPCC7942_RS02470","0","0"
"0.0","0.0","0.0","0.0","2","0","2","0.019672296993198866","2","false","2","7","SYNPCC7942_RS07385","39.0","0","0","false","0","SYNPCC7942_RS07385","0","0"
"0.0","0.0","0.0","0.0","1","0","1","8.66666162684208E-6","1","false","1","29","SYNPCC7942_RS07815","41.0","0","0","false","0","SYNPCC7942_RS07815","0","0"
"0.0","0.0","0.0","0.0","1","0","1","0.027820829211113333","1","false","1","8","SYNPCC7942_RS00020","57.0","0","0","false","0","SYNPCC7942_RS00020","0","0"
"0.0","0.0","0.0","0.0","1","0","1","8.66666162684208E-6","1","false","1","29","SYNPCC7942_RS12970","41.0","0","0","false","0","SYNPCC7942_RS12970","0","0"
"0.0","0.0","0.0","0.0","1","0","1","0.02782082921106008","1","false","1","10","SYNPCC7942_RS04900","29.0","0","0","false","0","SYNPCC7942_RS04900","0","0"
"0.0","0.0","0.0","0.0","1","0","1","5.34024661847894E-16","1","false","1","18","SYNPCC7942_RS07665","84.0","0","0","false","0","SYNPCC7942_RS07665","0","0"
"0.0","0.0","0.0","0.0","1","0","1","0.019676630324012304","1","false","1","4","SYNPCC7942_RS10195","74.0","0","0","false","0","SYNPCC7942_RS10195","0","0"
"0.0","0.0","0.0","0.0","1","0","1","0.039344593986781556","1","false","1","14","SYNPCC7942_RS08425","99.0","0","0","false","0","SYNPCC7942_RS08425","0","0"
"0.0","0.0","0.0","0.0","1","0","1","0.027820829211113333","1","false","1","8","SYNPCC7942_RS03200","57.0","0","0","false","0","SYNPCC7942_RS03200","0","0"
"0.0","0.0","0.0","0.0","1","0","1","0.019676630324012304","1","false","1","4","SYNPCC7942_RS13265","74.0","0","0","false","0","SYNPCC7942_RS13265","0","0"
"0.0","0.0","0.0","0.5","2","0","2","0.06716542319784163","2","false","2","16","SYNPCC7942_RS13305","73.5","0","0","false","0","SYNPCC7942_RS13305","0","0"
"0.0","0.0","0.0","0.0","2","0","2","0.02782082921106008","2","false","2","7","SYNPCC7942_RS07780","39.0","0","0","false","0","SYNPCC7942_RS07780","0","0"
"0.0","0.0","0.0","0.0","1","0","1","0.02782082921106008","1","false","1","10","SYNPCC7942_RS01845","29.0","0","0","false","0","SYNPCC7942_RS01845","0","0"
"0.0","0.0","0.0","0.0","1","0","1","0.02782082921106008","1","false","1","16","SYNPCC7942_RS08155","48.0","0","0","false","0","SYNPCC7942_RS08155","0","0"
"0.0","0.0","0.0","0.0","1","0","1","8.666661626342819E-6","1","false","1","25","SYNPCC7942_RS00780","19.0","0","0","false","0","SYNPCC7942_RS00780","0","0"
"0.0","0.0","0.0","0.5","2","0","2","6.559906726015769E-15","2","false","2","24","SYNPCC7942_RS13180","66.0","0","0","false","0","SYNPCC7942_RS13180","0","0"
"0.0","0.0","0.0","0.0","1","0","1","0.02782082921106008","1","false","1","13","SYNPCC7942_RS08060","62.0","0","0","false","0","SYNPCC7942_RS08060","0","0"
"0.0","0.0","0.0","0.0","2","0","2","0.05564165842217341","2","false","2","8","SYNPCC7942_RS06620","59.5","0","0","false","0","SYNPCC7942_RS06620","0","0"
"0.0","0.0","0.0","0.0","1","0","1","0.0671437565438343","1","false","1","6","SYNPCC7942_RS01390","26.0","0","0","false","0","SYNPCC7942_RS01390","0","0"
"0.0","0.0","0.0","0.0","1","0","1","1.477928030944357E-18","1","false","1","7","SYNPCC7942_RS11280","30.0","0","0","false","0","SYNPCC7942_RS11280","0","0"
"0.0","0.0","0.0","0.0","2","0","2","8.666661626876812E-6","2","false","2","17","SYNPCC7942_RS09940","39.5","0","0","false","0","SYNPCC7942_RS09940","0","0"
"0.0","0.0","0.0","0.0","1","0","1","0.027820829211113333","1","false","1","8","SYNPCC7942_RS10070","57.0","0","0","false","0","SYNPCC7942_RS10070","0","0"
"0.0","0.0","0.0","0.0","1","0","1","0.027820829211113333","1","false","1","8","SYNPCC7942_RS04850","57.0","0","0","false","0","SYNPCC7942_RS04850","0","0"
"0.0","0.0","0.0","0.0","1","0","1","0.039344593986781556","1","false","1","14","SYNPCC7942_RS03655","99.0","0","0","false","0","SYNPCC7942_RS03655","0","0"
"0.0","0.0","0.0","0.0","1","0","1","0.02782082921106008","1","false","1","13","SYNPCC7942_RS00450","62.0","0","0","false","0","SYNPCC7942_RS00450","0","0"
"0.0","0.0","0.0","0.0","2","0","2","0.02782082921106061","2","false","2","18","SYNPCC7942_RS06940","105.5","0","0","false","0","SYNPCC7942_RS06940","0","0"
"0.0","0.0","0.0","0.0","1","0","1","0.019676630324012304","1","false","1","4","SYNPCC7942_RS07270","74.0","0","0","false","0","SYNPCC7942_RS07270","0","0"
"0.0","0.0","0.0","0.0","1","0","1","1.477928030944357E-18","1","false","1","12","SYNPCC7942_RS00395","34.0","0","0","false","0","SYNPCC7942_RS00395","0","0"
"0.0","0.0","0.0","0.0","2","0","2","0.04749312620425894","2","false","2","10","SYNPCC7942_RS05595","38.5","0","0","false","0","SYNPCC7942_RS05595","0","0"
"0.0","0.0","0.0","0.0","1","0","1","0.039344593986781556","1","false","1","14","SYNPCC7942_RS11730","99.0","0","0","false","0","SYNPCC7942_RS11730","0","0"
"0.0","0.0","0.0","0.0","2","0","2","0.08681605353703316","2","false","2","21","SYNPCC7942_RS03670","34.5","0","0","false","0","SYNPCC7942_RS03670","0","0"
"0.0","0.0","0.0","0.0","2","0","2","0.027825162541873515","2","false","2","19","SYNPCC7942_RS08545","71.0","0","0","false","0","SYNPCC7942_RS08545","0","0"
"0.0","0.0","0.0","0.0","1","0","1","0.02782082921106008","1","false","1","11","SYNPCC7942_RS06015","46.0","0","0","false","0","SYNPCC7942_RS06015","0","0"
"0.0","0.0","0.0","0.0","2","0","2","0.027825162541873515","2","false","2","3","SYNPCC7942_RS12065","100.5","0","0","false","0","SYNPCC7942_RS12065","0","0"
"0.0","0.0","0.0","0.0","1","0","1","8.666661626342819E-6","1","false","1","25","SYNPCC7942_RS10435","19.0","0","0","false","0","SYNPCC7942_RS10435","0","0"
"0.0","0.0","0.0","0.0","1","0","1","0.02782082921106008","1","false","1","9","SYNPCC7942_RS04095","127.0","0","0","false","0","SYNPCC7942_RS04095","0","0"
"0.0","0.0","0.0","0.0","1","0","1","0.02782082921106008","1","false","1","13","SYNPCC7942_RS09580","62.0","0","0","false","0","SYNPCC7942_RS09580","0","0"
"0.0","0.0","0.0","0.0","1","0","1","0.02782082921106008","1","false","1","16","SYNPCC7942_RS09290","48.0","0","0","false","0","SYNPCC7942_RS09290","0","0"
"0.0","0.0","0.0","0.0","1","0","1","0.02782082921106008","1","false","1","9","SYNPCC7942_RS08670","127.0","0","0","false","0","SYNPCC7942_RS08670","0","0"
"0.0","0.0","0.0","0.0","1","0","1","0.019676630324012304","1","false","1","4","SYNPCC7942_RS02725","74.0","0","0","false","0","SYNPCC7942_RS02725","0","0"
"0.0","0.0","0.0","1.0","2","0","2","0.06716542319784163","2","false","2","14","SYNPCC7942_RS01300","113.0","0","0","false","0","SYNPCC7942_RS01300","0","0"
"0.0","0.0","0.0","0.0","1","0","1","5.34024661847894E-16","1","false","1","18","SYNPCC7942_RS05545","84.0","0","0","false","0","SYNPCC7942_RS05545","0","0"
"0.0","0.0","0.0","0.0","1","0","1","0.02782082921106008","1","false","1","13","SYNPCC7942_RS09255","62.0","0","0","false","0","SYNPCC7942_RS09255","0","0"
"0.0","0.0","0.0","0.16666666666666666","3","0","3","0.08684205352185394","3","false","3","11","SYNPCC7942_RS03370","73.0","0","0","false","0","SYNPCC7942_RS03370","0","0"
"0.0","0.0","0.0","0.3333333333333333","3","0","3","0.06716975652870832","3","false","2","19","SYNPCC7942_RS06850","57.0","0","0","false","0","SYNPCC7942_RS06850","0","0"
"0.0","0.0","0.0","0.0","1","0","1","5.34024661847894E-16","1","false","1","18","SYNPCC7942_RS12695","84.0","0","0","false","0","SYNPCC7942_RS12695","0","0"
"0.0","0.0","0.0","0.0","1","0","1","1.477928030944357E-18","1","false","1","15","SYNPCC7942_RS12620","9.0","0","0","false","0","SYNPCC7942_RS12620","0","0"
"0.0","0.0","0.0","0.0","1","0","1","0.019676630324012304","1","false","1","4","SYNPCC7942_RS01660","74.0","0","0","false","0","SYNPCC7942_RS01660","0","0"
"0.0","0.0","0.0","0.0","1","0","1","0.02782082921106008","1","false","1","9","SYNPCC7942_RS12470","127.0","0","0","false","0","SYNPCC7942_RS12470","0","0"
"0.0","0.0","0.0","0.0","2","0","2","0.027825162541873515","2","false","2","16","SYNPCC7942_RS11690","61.0","0","0","false","0","SYNPCC7942_RS11690","0","0"
"0.0","0.0","0.0","0.0","2","0","2","8.666661626843529E-6","2","false","2","12","SYNPCC7942_RS00675","37.5","0","0","false","0","SYNPCC7942_RS00675","0","0"
"0.0","0.0","0.0","0.0","1","0","1","0.02782082921106008","1","false","1","9","SYNPCC7942_RS06810","127.0","0","0","false","0","SYNPCC7942_RS06810","0","0"
"0.0","0.0","0.0","0.0","1","0","1","0.02782082921106008","1","false","1","10","SYNPCC7942_RS11435","29.0","0","0","false","0","SYNPCC7942_RS11435","0","0"
"0.0","0.0","0.0","0.0","1","0","1","0.02782082921106008","1","false","1","9","SYNPCC7942_RS04340","127.0","0","0","false","0","SYNPCC7942_RS04340","0","0"
"0.0","0.0","0.0","0.0","2","0","2","0.027825162541873515","2","false","2","3","SYNPCC7942_RS04740","100.5","0","0","false","0","SYNPCC7942_RS04740","0","0"
"0.0","0.0","0.0","0.0","1","0","1","0.02782082921106008","1","false","1","11","SYNPCC7942_RS10575","46.0","0","0","false","0","SYNPCC7942_RS10575","0","0"
"0.0","0.0","0.0","0.0","1","0","1","0.0671437565438343","1","false","1","6","SYNPCC7942_RS06860","26.0","0","0","false","0","SYNPCC7942_RS06860","0","0"
"0.0","0.0","0.0","0.0","1","0","1","0.02782082921106008","1","false","1","13","SYNPCC7942_RS08525","62.0","0","0","false","0","SYNPCC7942_RS08525","0","0"
"0.0","0.0","0.0","0.0","1","0","1","0.02782082921106008","1","false","1","13","SYNPCC7942_RS10020","62.0","0","0","false","0","SYNPCC7942_RS10020","0","0"
"0.0","0.0","0.0","0.0","1","0","1","1.477928030944357E-18","1","false","1","12","SYNPCC7942_RS09790","34.0","0","0","false","0","SYNPCC7942_RS09790","0","0"
"0.0","0.0","0.0","0.0","2","0","2","0.04749745953507238","2","false","2","11","SYNPCC7942_RS11065","60.0","0","0","false","0","SYNPCC7942_RS11065","0","0"
"0.0","0.0","0.0","0.0","1","0","1","1.477928030944357E-18","1","false","1","7","SYNPCC7942_RS11235","30.0","0","0","false","0","SYNPCC7942_RS11235","0","0"
"0.0","0.0","0.0","0.0","1","0","1","0.019676630324012304","1","false","1","4","SYNPCC7942_RS11900","74.0","0","0","false","0","SYNPCC7942_RS11900","0","0"
"0.0","0.0","0.0","0.0","1","0","1","1.477928030944357E-18","1","false","1","7","SYNPCC7942_RS08250","30.0","0","0","false","0","SYNPCC7942_RS08250","0","0"
"0.0","0.0","0.0","0.0","1","0","1","0.039344593986781556","1","false","1","14","SYNPCC7942_RS05340","99.0","0","0","false","0","SYNPCC7942_RS05340","0","0"
"0.0","0.0","0.0","0.0","1","0","1","6.025912854335187E-15","1","false","1","24","SYNPCC7942_RS03540","48.0","0","0","false","0","SYNPCC7942_RS03540","0","0"
"0.0","0.0","0.0","1.0","2","0","2","8.666661626876812E-6","2","false","2","20","SYNPCC7942_RS10470","52.0","0","0","false","0","SYNPCC7942_RS10470","0","0"
"0.0","0.0","0.0","0.0","1","0","1","0.02782082921106008","1","false","1","16","SYNPCC7942_RS07135","48.0","0","0","false","0","SYNPCC7942_RS07135","0","0"
"0.0","0.0","0.0","0.0","2","0","2","0.027820829211066097","2","false","2","24","SYNPCC7942_RS03030","87.5","0","0","false","0","SYNPCC7942_RS03030","0","0"
"1.0","0.015944777923357405","1.0","0.1","5","1","5","0.06716542319784163","2","false","2","0","SYNPCC7942_RS06365","46.2","3","0","false","0","SYNPCC7942_RS06365","14610","1"
"0.0","0.0","0.0","0.0","1","0","1","0.04749312620425893","1","false","1","0","SYNPCC7942_RS00860","5.0","0","0","false","0","SYNPCC7942_RS00860","0","0"
"0.0","0.0","0.0","0.0","1","0","1","3.4762098894503714E-17","1","false","1","17","SYNPCC7942_RS10915","38.0","0","0","false","0","SYNPCC7942_RS10915","0","0"
"0.0","0.0","0.0","0.0","1","0","1","0.02782082921106008","1","false","1","13","SYNPCC7942_RS03470","62.0","0","0","false","0","SYNPCC7942_RS03470","0","0"
"0.0","0.0","0.0","0.5","2","0","2","0.019680963654825738","2","false","2","4","SYNPCC7942_RS06020","74.0","0","0","false","0","SYNPCC7942_RS06020","0","0"
"0.0","0.0","0.0","1.0","2","0","2","0.06716542319784163","2","false","2","14","SYNPCC7942_RS01650","113.0","0","0","false","0","SYNPCC7942_RS01650","0","0"
"0.0","0.0","0.0","0.0","1","0","1","1.477928030944357E-18","1","false","1","7","SYNPCC7942_RS03245","30.0","0","0","false","0","SYNPCC7942_RS03245","0","0"
"0.0","0.0","0.0","0.0","1","0","1","8.66666162684208E-6","1","false","1","29","SYNPCC7942_RS09780","41.0","0","0","false","0","SYNPCC7942_RS09780","0","0"
"0.0","0.0","0.0","0.0","2","0","2","0.039348927317211166","2","false","2","5","SYNPCC7942_RS01665","61.0","0","0","false","0","SYNPCC7942_RS01665","0","0"
"0.0","0.0","0.0","0.0","1","0","1","0.019672296993198866","1","false","1","5","SYNPCC7942_RS03100","48.0","0","0","false","0","SYNPCC7942_RS03100","0","0"
"0.0","0.0","0.0","0.0","1","0","1","4.33333081343842E-6","1","false","1","3","SYNPCC7942_RS07690","74.0","0","0","false","0","SYNPCC7942_RS07690","0","0"
"1.0","0.03440080441207837","1.0","0.0","7","1","7","0.027820829211113333","1","false","2","0","SYNPCC7942_RS05230","9.142857142857142","6","0","false","0","SYNPCC7942_RS05230","27096","1"
"0.0","0.0","0.0","0.0","1","0","1","0.019672296993582694","1","false","1","0","SYNPCC7942_RS08420","7.0","0","0","false","0","SYNPCC7942_RS08420","0","0"
"1.0","0.003651340178961374","1.0","0.0","3","1","3","3.4762098894503714E-17","1","false","1","17","SYNPCC7942_RS03530","13.333333333333334","2","0","false","0","SYNPCC7942_RS03530","2876","1"
"0.0","0.0","0.0","0.0","1","0","1","5.34024661847894E-16","1","false","1","17","SYNPCC7942_RS05425","3.0","0","0","false","0","SYNPCC7942_RS05425","0","0"
"0.0","0.0","0.0","0.0","1","0","1","0.02782082921106008","1","false","1","10","SYNPCC7942_RS01675","29.0","0","0","false","0","SYNPCC7942_RS01675","0","0"
"0.0","0.0","0.0","0.5","2","0","2","5.687559705750863E-16","2","false","2","17","SYNPCC7942_RS08900","61.0","0","0","false","0","SYNPCC7942_RS08900","0","0"
"0.0","0.0","0.0","0.0","1","0","1","6.025912854335187E-15","1","false","1","24","SYNPCC7942_RS10475","48.0","0","0","false","0","SYNPCC7942_RS10475","0","0"
"0.0","0.0","0.0","0.0","1","0","1","0.02782082921106008","1","false","1","11","SYNPCC7942_RS02695","46.0","0","0","false","0","SYNPCC7942_RS02695","0","0"
"0.0","0.0","0.0","0.0","1","0","1","0.027820829211113333","1","false","1","8","SYNPCC7942_RS05210","57.0","0","0","false","0","SYNPCC7942_RS05210","0","0"
"0.0","0.0","0.0","0.0","1","0","1","0.02782082921106008","1","false","1","13","SYNPCC7942_RS02545","62.0","0","0","false","0","SYNPCC7942_RS02545","0","0"
"0.0","0.0","0.0","0.0","1","0","1","0.02782082921106008","1","false","1","11","SYNPCC7942_RS06100","46.0","0","0","false","0","SYNPCC7942_RS06100","0","0"
"0.0","0.0","0.0","0.0","1","0","1","0.02782082921106008","1","false","1","16","SYNPCC7942_RS01750","48.0","0","0","false","0","SYNPCC7942_RS01750","0","0"
"0.0","0.0","0.0","0.0","1","0","1","0.039335927325160745","1","false","1","2","SYNPCC7942_RS11950","17.0","0","0","false","0","SYNPCC7942_RS11950","0","0"
"0.0","0.0","0.0","0.0","2","0","2","8.666661626843529E-6","2","false","2","12","SYNPCC7942_RS02065","37.5","0","0","false","0","SYNPCC7942_RS02065","0","0"
"0.0","0.0","0.0","0.0","1","0","1","0.027820829211113333","1","false","1","8","SYNPCC7942_RS10595","57.0","0","0","false","0","SYNPCC7942_RS10595","0","0"
"0.0","0.0","0.0","0.0","1","0","1","0.039344593986781556","1","false","1","14","SYNPCC7942_RS08825","99.0","0","0","false","0","SYNPCC7942_RS08825","0","0"
"0.0","0.0","0.0","0.0","1","0","1","0.02782082921106008","1","false","1","9","SYNPCC7942_RS08805","127.0","0","0","false","0","SYNPCC7942_RS08805","0","0"
"0.0","0.0","0.0","0.0","1","0","1","0.0671437565438343","1","false","1","21","SYNPCC7942_RS08690","21.0","0","0","false","0","SYNPCC7942_RS08690","0","0"
"0.0","0.0","0.0","0.0","1","0","1","0.02782082921106008","1","false","1","10","SYNPCC7942_RS10585","29.0","0","0","false","0","SYNPCC7942_RS10585","0","0"
"0.0","0.0","0.0","0.0","1","0","1","0.027820829211113333","1","false","1","8","SYNPCC7942_RS00695","57.0","0","0","false","0","SYNPCC7942_RS00695","0","0"
"0.0","0.0","0.0","0.0","1","0","1","0.02782082921106008","1","false","1","9","SYNPCC7942_RS12160","127.0","0","0","false","0","SYNPCC7942_RS12160","0","0"
"0.0","0.0","0.0","0.0","1","0","1","5.34024661847894E-16","1","false","1","18","SYNPCC7942_RS03285","84.0","0","0","false","0","SYNPCC7942_RS03285","0","0"
"0.0","0.0","0.0","0.0","1","0","1","0.02782082921106008","1","false","1","13","SYNPCC7942_RS10465","62.0","0","0","false","0","SYNPCC7942_RS10465","0","0"
"0.0","0.0","0.0","0.0","1","0","1","8.66666162684208E-6","1","false","1","29","SYNPCC7942_RS05610","41.0","0","0","false","0","SYNPCC7942_RS05610","0","0"
"0.0","0.0","0.0","0.0","2","0","2","0.019672296993198866","2","false","2","7","SYNPCC7942_RS06315","39.0","0","0","false","0","SYNPCC7942_RS06315","0","0"
"0.0","0.0","0.0","0.0","1","0","1","0.02782082921106008","1","false","1","13","SYNPCC7942_RS09485","62.0","0","0","false","0","SYNPCC7942_RS09485","0","0"
"0.0","0.0","0.0","0.0","1","0","1","1.477928030944357E-18","1","false","1","7","SYNPCC7942_RS06540","30.0","0","0","false","0","SYNPCC7942_RS06540","0","0"
"0.0","0.0","0.0","0.0","1","0","1","1.477928030944357E-18","1","false","1","12","SYNPCC7942_RS02045","34.0","0","0","false","0","SYNPCC7942_RS02045","0","0"
"0.0","0.0","0.0","0.0","1","0","1","0.02782082921106008","1","false","1","16","SYNPCC7942_RS04560","48.0","0","0","false","0","SYNPCC7942_RS04560","0","0"
"0.0","0.0","0.0","0.0","2","0","2","4.333330813439868E-6","2","false","2","7","SYNPCC7942_RS11300","52.0","0","0","false","0","SYNPCC7942_RS11300","0","0"
"0.0","0.0","0.0","0.0","1","0","1","4.33333081343842E-6","1","false","1","19","SYNPCC7942_RS12440","15.0","0","0","false","0","SYNPCC7942_RS12440","0","0"
"0.0","0.0","0.0","0.0","1","0","1","3.4762098894503714E-17","1","false","1","17","SYNPCC7942_RS01640","38.0","0","0","false","0","SYNPCC7942_RS01640","0","0"
"0.0","0.0","0.0","0.0","1","0","1","1.477928030944357E-18","1","false","1","12","SYNPCC7942_RS02060","34.0","0","0","false","0","SYNPCC7942_RS02060","0","0"
"2.2285714285714286","0.2111200828788202","0.4487179487179487","0.027777777777777776","9","3","9","8.666661626876812E-6","2","false","2","25","SYNPCC7942_RS00455","16.88888888888889","7","0","false","0","SYNPCC7942_RS00455","166290","1"
"0.0","0.0","0.0","0.0","2","0","2","0.01968096365482574","2","false","2","25","SYNPCC7942_RS08315","28.5","0","0","false","0","SYNPCC7942_RS08315","0","0"
"0.0","0.0","0.0","0.5","2","0","2","8.666661626876812E-6","2","false","2","19","SYNPCC7942_RS07725","44.5","0","0","false","0","SYNPCC7942_RS07725","0","0"
"0.0","0.0","0.0","0.0","1","0","1","4.33333081343842E-6","1","false","1","3","SYNPCC7942_RS05075","74.0","0","0","false","0","SYNPCC7942_RS05075","0","0"
"0.0","0.0","0.0","1.0","2","0","2","0.0671654231978949","2","false","2","8","SYNPCC7942_RS04755","78.0","0","0","false","0","SYNPCC7942_RS04755","0","0"
"0.0","0.0","0.0","0.0","2","0","2","0.027820829211066097","2","false","2","24","SYNPCC7942_RS07810","87.5","0","0","false","0","SYNPCC7942_RS07810","0","0"
"0.0","0.0","0.0","0.0","2","0","2","0.03934892731759499","2","false","2","19","SYNPCC7942_RS12825","57.0","0","0","false","0","SYNPCC7942_RS12825","0","0"
"0.0","0.0","0.0","0.0","1","0","1","3.4762098894503714E-17","1","false","1","17","SYNPCC7942_RS00590","38.0","0","0","false","0","SYNPCC7942_RS00590","0","0"
"0.0","0.0","0.0","0.0","1","0","1","0.019676630324012304","1","false","1","4","SYNPCC7942_RS04735","74.0","0","0","false","0","SYNPCC7942_RS04735","0","0"
"0.0","0.0","0.0","0.0","2","0","2","0.02782949587268692","2","false","2","29","SYNPCC7942_RS09630","51.5","0","0","false","0","SYNPCC7942_RS09630","0","0"
"0.0","0.0","0.0","0.5","2","0","2","0.04749312620425894","2","false","2","5","SYNPCC7942_RS05820","48.0","0","0","false","0","SYNPCC7942_RS05820","0","0"
"0.0","0.0","0.0","0.0","1","0","1","8.66666162684208E-6","1","false","1","29","SYNPCC7942_RS02000","41.0","0","0","false","0","SYNPCC7942_RS02000","0","0"
"0.0","0.0","0.0","0.0","1","0","1","3.4762098894503714E-17","1","false","1","17","SYNPCC7942_RS09910","38.0","0","0","false","0","SYNPCC7942_RS09910","0","0"
"0.0","0.0","0.0","0.0","1","0","1","6.025912854335187E-15","1","false","1","24","SYNPCC7942_RS03500","48.0","0","0","false","0","SYNPCC7942_RS03500","0","0"
"0.0","0.0","0.0","0.0","1","0","1","0.039344593986781556","1","false","1","14","SYNPCC7942_RS13295","99.0","0","0","false","0","SYNPCC7942_RS13295","0","0"
"0.0","0.0","0.0","0.0","1","0","1","0.02782082921106008","1","false","1","9","SYNPCC7942_RS12040","127.0","0","0","false","0","SYNPCC7942_RS12040","0","0"
"0.0","0.0","0.0","0.5","2","0","2","6.559906726015769E-15","2","false","2","24","SYNPCC7942_RS08955","66.0","0","0","false","0","SYNPCC7942_RS08955","0","0"
"0.0","0.0","0.0","0.0","1","0","1","0.02782082921106008","1","false","1","9","SYNPCC7942_RS10480","127.0","0","0","false","0","SYNPCC7942_RS10480","0","0"
"0.0","0.0","0.0","0.0","2","0","2","0.05902122431079385","2","false","2","4","SYNPCC7942_RS00580","86.5","0","0","false","0","SYNPCC7942_RS00580","0","0"
"0.0","0.0","0.0","0.0","2","0","2","0.08681605353703316","2","false","2","6","SYNPCC7942_RS02970","37.0","0","0","false","0","SYNPCC7942_RS02970","0","0"
"0.0","0.0","0.0","0.0","1","0","1","5.34024661847894E-16","1","false","1","18","SYNPCC7942_RS01765","84.0","0","0","false","0","SYNPCC7942_RS01765","0","0"
"0.0","0.0","0.0","0.0","1","0","1","1.477928030944357E-18","1","false","1","7","SYNPCC7942_RS11685","30.0","0","0","false","0","SYNPCC7942_RS11685","0","0"
"0.0","0.0","0.0","0.0","1","0","1","6.025912854335187E-15","1","false","1","24","SYNPCC7942_RS09310","48.0","0","0","false","0","SYNPCC7942_RS09310","0","0"
"0.0","0.0","0.0","0.0","1","0","1","0.02782082921106008","1","false","1","9","SYNPCC7942_RS04830","127.0","0","0","false","0","SYNPCC7942_RS04830","0","0"
"0.0","0.0","0.0","0.0","1","0","1","0.027820829211113333","1","false","1","8","SYNPCC7942_RS12190","57.0","0","0","false","0","SYNPCC7942_RS12190","0","0"
"0.0","0.0","0.0","0.0","2","0","2","0.08681605353703316","2","false","2","6","SYNPCC7942_RS04400","37.0","0","0","false","0","SYNPCC7942_RS04400","0","0"
"0.0","0.0","0.0","0.5","2","0","2","0.019680963654825738","2","false","2","4","SYNPCC7942_RS00715","74.0","0","0","false","0","SYNPCC7942_RS00715","0","0"
"0.0","0.0","0.0","0.5","2","0","2","5.687559705750863E-16","2","false","2","17","SYNPCC7942_RS09415","61.0","0","0","false","0","SYNPCC7942_RS09415","0","0"
"0.0","0.0","0.0","0.0","2","0","2","0.019676630324012304","2","false","2","7","SYNPCC7942_RS04555","52.0","0","0","false","0","SYNPCC7942_RS04555","0","0"
"0.0","0.0","0.0","0.0","2","0","2","0.019672296993198866","2","false","2","7","SYNPCC7942_RS11325","39.0","0","0","false","0","SYNPCC7942_RS11325","0","0"
"0.0","0.0","0.0","0.0","1","0","1","4.33333081343842E-6","1","false","1","3","SYNPCC7942_RS09425","74.0","0","0","false","0","SYNPCC7942_RS09425","0","0"
"0.0","0.0","0.0","0.0","1","0","1","0.02782082921106008","1","false","1","13","SYNPCC7942_RS02940","62.0","0","0","false","0","SYNPCC7942_RS02940","0","0"
"0.0","0.0","0.0","1.0","2","0","2","8.666661626876812E-6","2","false","2","20","SYNPCC7942_RS12270","52.0","0","0","false","0","SYNPCC7942_RS12270","0","0"
"0.0","0.0","0.0","0.0","1","0","1","6.025912854335187E-15","1","false","1","24","SYNPCC7942_RS06515","48.0","0","0","false","0","SYNPCC7942_RS06515","0","0"
"0.0","0.0","0.0","0.0","1","0","1","5.34024661847894E-16","1","false","1","18","SYNPCC7942_RS05035","84.0","0","0","false","0","SYNPCC7942_RS05035","0","0"
"0.0","0.0","0.0","0.16666666666666666","3","0","3","0.019680963654825738","3","false","2","7","SYNPCC7942_RS12850","59.333333333333336","0","0","false","0","SYNPCC7942_RS12850","0","0"
"0.0","0.0","0.0","0.5","2","0","2","0.04749312620425894","2","false","2","5","SYNPCC7942_RS10025","48.0","0","0","false","0","SYNPCC7942_RS10025","0","0"
"0.0","0.0","0.0","0.5","2","0","2","0.06716542319784163","2","false","2","13","SYNPCC7942_RS03660","80.5","0","0","false","0","SYNPCC7942_RS03660","0","0"
"0.0","0.0","0.0","0.0","1","0","1","4.33333081343842E-6","1","false","1","20","SYNPCC7942_RS00005","30.0","0","0","false","0","SYNPCC7942_RS00005","0","0"
"0.0","0.0","0.0","0.0","1","0","1","0.02782082921106008","1","false","1","13","SYNPCC7942_RS08750","62.0","0","0","false","0","SYNPCC7942_RS08750","0","0"
"0.0","0.0","0.0","0.0","1","0","1","0.02782082921106008","1","false","1","13","SYNPCC7942_RS09175","62.0","0","0","false","0","SYNPCC7942_RS09175","0","0"
"0.0","0.0","0.0","0.5","2","0","2","0.06716542319784163","2","false","2","11","SYNPCC7942_RS09250","72.5","0","0","false","0","SYNPCC7942_RS09250","0","0"
"0.0","0.0","0.0","0.0","1","0","1","0.039344593986781556","1","false","1","14","SYNPCC7942_RS05735","99.0","0","0","false","0","SYNPCC7942_RS05735","0","0"
"0.0","0.0","0.0","0.0","1","0","1","5.34024661847894E-16","1","false","1","18","SYNPCC7942_RS07565","84.0","0","0","false","0","SYNPCC7942_RS07565","0","0"
"0.0","0.0","0.0","0.0","1","0","1","0.02782082921106008","1","false","1","9","SYNPCC7942_RS00115","127.0","0","0","false","0","SYNPCC7942_RS00115","0","0"
"0.0","0.0","0.0","0.0","1","0","1","5.34024661847894E-16","1","false","1","18","SYNPCC7942_RS03155","84.0","0","0","false","0","SYNPCC7942_RS03155","0","0"
"0.0","0.0","0.0","0.0","1","0","1","1.477928030944357E-18","1","false","1","12","SYNPCC7942_RS04015","34.0","0","0","false","0","SYNPCC7942_RS04015","0","0"
"0.0","0.0","0.0","0.0","2","0","2","0.05564165842212016","2","false","2","11","SYNPCC7942_RS00610","86.5","0","0","false","0","SYNPCC7942_RS00610","0","0"
"0.0","0.0","0.0","0.0","1","0","1","0.039344593986781556","1","false","1","14","SYNPCC7942_RS11895","99.0","0","0","false","0","SYNPCC7942_RS11895","0","0"
"0.0","0.0","0.0","0.0","1","0","1","6.025912854335187E-15","1","false","1","24","SYNPCC7942_RS08090","48.0","0","0","false","0","SYNPCC7942_RS08090","0","0"
"0.0","0.0","0.0","0.0","1","0","1","6.025912854335187E-15","1","false","1","24","SYNPCC7942_RS10420","48.0","0","0","false","0","SYNPCC7942_RS10420","0","0"
"0.0","0.0","0.0","0.5","2","0","2","0.04749745953507238","2","false","2","13","SYNPCC7942_RS07500","68.0","0","0","false","0","SYNPCC7942_RS07500","0","0"
"0.0","0.0","0.0","0.5","2","0","2","6.559906726015769E-15","2","false","2","24","SYNPCC7942_RS07200","66.0","0","0","false","0","SYNPCC7942_RS07200","0","0"
"0.0","0.0","0.0","0.5","2","0","2","1.733332325321815E-5","2","false","2","25","SYNPCC7942_RS07180","14.0","0","0","false","0","SYNPCC7942_RS07180","0","0"
"0.0","0.0","0.0","0.5","2","0","2","0.06716542319784163","2","false","2","11","SYNPCC7942_RS09700","72.5","0","0","false","0","SYNPCC7942_RS09700","0","0"
"0.0","0.0","0.0","0.0","2","0","2","0.02782082921106061","2","false","2","18","SYNPCC7942_RS03445","105.5","0","0","false","0","SYNPCC7942_RS03445","0","0"
"0.0","0.0","0.0","0.0","1","0","1","0.02782082921106008","1","false","1","9","SYNPCC7942_RS08265","127.0","0","0","false","0","SYNPCC7942_RS08265","0","0"
"0.0","0.0","0.0","0.0","1","0","1","0.02782082921106008","1","false","1","11","SYNPCC7942_RS05630","46.0","0","0","false","0","SYNPCC7942_RS05630","0","0"
"0.0","0.0","0.0","0.0","2","0","2","0.04749745953507238","2","false","2","11","SYNPCC7942_RS01145","60.0","0","0","false","0","SYNPCC7942_RS01145","0","0"
"0.0","0.0","0.0","0.0","1","0","1","0.02782082921106008","1","false","1","9","SYNPCC7942_RS06260","127.0","0","0","false","0","SYNPCC7942_RS06260","0","0"
"0.0","0.0","0.0","0.0","1","0","1","0.027820829211113333","1","false","1","8","SYNPCC7942_RS10690","57.0","0","0","false","0","SYNPCC7942_RS10690","0","0"
"0.0","0.0","0.0","0.0","1","0","1","5.34024661847894E-16","1","false","1","18","SYNPCC7942_RS03520","84.0","0","0","false","0","SYNPCC7942_RS03520","0","0"
"0.0","0.0","0.0","0.0","1","0","1","5.34024661847894E-16","1","false","1","18","SYNPCC7942_RS04795","84.0","0","0","false","0","SYNPCC7942_RS04795","0","0"
"0.0","0.0","0.0","0.5","2","0","2","0.09496458575489436","2","false","2","21","SYNPCC7942_RS09020","25.0","0","0","false","0","SYNPCC7942_RS09020","0","0"
"0.0","0.0","0.0","0.0","2","0","2","0.019680963654825738","2","false","2","20","SYNPCC7942_RS00015","52.0","0","0","false","0","SYNPCC7942_RS00015","0","0"
"0.0","0.0","0.0","0.0","1","0","1","3.4762098894503714E-17","1","false","1","17","SYNPCC7942_RS04635","38.0","0","0","false","0","SYNPCC7942_RS04635","0","0"
"0.0","0.0","0.0","0.0","1","0","1","6.025912854335187E-15","1","false","1","24","SYNPCC7942_RS10100","48.0","0","0","false","0","SYNPCC7942_RS10100","0","0"
"0.0","0.0","0.0","0.0","1","0","1","5.34024661847894E-16","1","false","1","18","SYNPCC7942_RS06815","84.0","0","0","false","0","SYNPCC7942_RS06815","0","0"
"0.0","0.0","0.0","0.0","1","0","1","0.02782082921106008","1","false","1","9","SYNPCC7942_RS05490","127.0","0","0","false","0","SYNPCC7942_RS05490","0","0"
"0.0","0.0","0.0","0.0","1","0","1","0.02782082921106008","1","false","1","16","SYNPCC7942_RS11850","48.0","0","0","false","0","SYNPCC7942_RS11850","0","0"
"0.0","0.0","0.0","0.0","1","0","1","0.027820829211113333","1","false","1","8","SYNPCC7942_RS08660","57.0","0","0","false","0","SYNPCC7942_RS08660","0","0"
"0.0","0.0","0.0","0.5","2","0","2","0.09496458575489436","2","false","2","6","SYNPCC7942_RS08500","27.5","0","0","false","0","SYNPCC7942_RS08500","0","0"
"0.0","0.0","0.0","0.0","1","0","1","0.02782082921106008","1","false","1","9","SYNPCC7942_RS12860","127.0","0","0","false","0","SYNPCC7942_RS12860","0","0"
"0.0","0.0","0.0","0.0","1","0","1","0.02782082921106008","1","false","1","9","SYNPCC7942_RS11530","127.0","0","0","false","0","SYNPCC7942_RS11530","0","0"
"0.0","0.0","0.0","1.0","2","0","2","0.1342875130876686","2","false","2","21","SYNPCC7942_RS04265","23.5","0","0","false","0","SYNPCC7942_RS04265","0","0"
"0.0","0.0","0.0","0.0","1","0","1","8.66666162684208E-6","1","false","1","29","SYNPCC7942_RS07305","41.0","0","0","false","0","SYNPCC7942_RS07305","0","0"
"0.0","0.0","0.0","0.0","2","0","2","0.02782082921106008","2","false","2","7","SYNPCC7942_RS03345","39.0","0","0","false","0","SYNPCC7942_RS03345","0","0"
"0.0","0.0","0.0","0.0","1","0","1","1.477928030944357E-18","1","false","1","7","SYNPCC7942_RS12885","30.0","0","0","false","0","SYNPCC7942_RS12885","0","0"
"0.0","0.0","0.0","0.0","1","0","1","0.02782082921106008","1","false","1","16","SYNPCC7942_RS04170","48.0","0","0","false","0","SYNPCC7942_RS04170","0","0"
"0.0","0.0","0.0","0.0","1","0","1","0.0671437565438343","1","false","1","21","SYNPCC7942_RS02565","21.0","0","0","false","0","SYNPCC7942_RS02565","0","0"
"0.0","0.0","0.0","0.0","2","0","2","0.08681605353703316","2","false","2","6","SYNPCC7942_RS07450","37.0","0","0","false","0","SYNPCC7942_RS07450","0","0"
"0.0","0.0","0.0","0.0","1","0","1","0.019676630324012304","1","false","1","4","SYNPCC7942_RS13675","74.0","0","0","false","0","SYNPCC7942_RS13675","0","0"
"0.0","0.0","0.0","0.0","1","0","1","4.33333081343842E-6","1","false","1","19","SYNPCC7942_RS07355","15.0","0","0","false","0","SYNPCC7942_RS07355","0","0"
"0.0","0.0","0.0","0.0","1","0","1","5.34024661847894E-16","1","false","1","18","SYNPCC7942_RS05980","84.0","0","0","false","0","SYNPCC7942_RS05980","0","0"
"0.0","0.0","0.0","0.0","1","0","1","8.66666162684208E-6","1","false","1","29","SYNPCC7942_RS08475","41.0","0","0","false","0","SYNPCC7942_RS08475","0","0"
"0.0","0.0","0.0","0.5","2","0","2","0.04749745953507238","2","false","2","13","SYNPCC7942_RS12575","68.0","0","0","false","0","SYNPCC7942_RS12575","0","0"
"0.0","0.0","0.0","0.6666666666666666","3","0","3","0.09498625240895496","3","false","3","8","SYNPCC7942_RS00905","94.33333333333333","0","0","false","0","SYNPCC7942_RS00905","0","0"
"0.0","0.0","0.0","0.0","1","0","1","8.666661626342819E-6","1","false","1","25","SYNPCC7942_RS02340","19.0","0","0","false","0","SYNPCC7942_RS02340","0","0"
"0.0","0.0","0.0","0.0","2","0","2","0.05564165842212016","2","false","2","11","SYNPCC7942_RS09635","86.5","0","0","false","0","SYNPCC7942_RS09635","0","0"
"0.0","0.0","0.0","0.0","1","0","1","0.019672296993198866","1","false","1","5","SYNPCC7942_RS00640","48.0","0","0","false","0","SYNPCC7942_RS00640","0","0"
"0.0","0.0","0.0","0.0","1","0","1","0.039344593986781556","1","false","1","14","SYNPCC7942_RS07115","99.0","0","0","false","0","SYNPCC7942_RS07115","0","0"
"0.0","0.0","0.0","0.0","1","0","1","8.66666162684208E-6","1","false","1","29","SYNPCC7942_RS02960","41.0","0","0","false","0","SYNPCC7942_RS02960","0","0"
"0.0","0.0","0.0","0.0","1","0","1","0.0671437565438343","1","false","1","21","SYNPCC7942_RS09440","21.0","0","0","false","0","SYNPCC7942_RS09440","0","0"
"0.0","0.0","0.0","0.0","1","0","1","0.02782082921106008","1","false","1","9","SYNPCC7942_RS09530","127.0","0","0","false","0","SYNPCC7942_RS09530","0","0"
"0.0","0.0","0.0","0.0","1","0","1","4.33333081343842E-6","1","false","1","20","SYNPCC7942_RS11890","30.0","0","0","false","0","SYNPCC7942_RS11890","0","0"
"0.0","0.0","0.0","0.0","1","0","1","0.02782082921106008","1","false","1","9","SYNPCC7942_RS00565","127.0","0","0","false","0","SYNPCC7942_RS00565","0","0"
"0.0","0.0","0.0","0.0","1","0","1","0.02782082921106008","1","false","1","16","SYNPCC7942_RS08635","48.0","0","0","false","0","SYNPCC7942_RS08635","0","0"
"0.0","0.0","0.0","0.0","1","0","1","0.027820829211113333","1","false","1","8","SYNPCC7942_RS03650","57.0","0","0","false","0","SYNPCC7942_RS03650","0","0"
"0.0","0.0","0.0","0.0","1","0","1","5.34024661847894E-16","1","false","1","18","SYNPCC7942_RS02605","84.0","0","0","false","0","SYNPCC7942_RS02605","0","0"
"0.0","0.0","0.0","0.0","1","0","1","0.039335927325160745","1","false","1","2","SYNPCC7942_RS04050","17.0","0","0","false","0","SYNPCC7942_RS04050","0","0"
"0.0","0.0","0.0","0.0","1","0","1","0.039344593986781556","1","false","1","14","SYNPCC7942_RS03610","99.0","0","0","false","0","SYNPCC7942_RS03610","0","0"
"0.0","0.0","0.0","0.0","1","0","1","5.34024661847894E-16","1","false","1","18","SYNPCC7942_RS02860","84.0","0","0","false","0","SYNPCC7942_RS02860","0","0"
"0.0","0.0","0.0","0.0","1","0","1","0.039344593986781556","1","false","1","14","SYNPCC7942_RS06925","99.0","0","0","false","0","SYNPCC7942_RS06925","0","0"
"0.0","0.0","0.0","0.0","1","0","1","8.666661626342819E-6","1","false","1","25","SYNPCC7942_RS05285","19.0","0","0","false","0","SYNPCC7942_RS05285","0","0"
"0.0","0.0","0.0","0.0","2","0","2","0.05902122431079385","2","false","2","4","SYNPCC7942_RS06525","86.5","0","0","false","0","SYNPCC7942_RS06525","0","0"
"0.0","0.0","0.0","0.0","1","0","1","0.02782082921106008","1","false","1","9","SYNPCC7942_RS03135","127.0","0","0","false","0","SYNPCC7942_RS03135","0","0"
"0.0","0.0","0.0","0.0","1","0","1","6.025912854335187E-15","1","false","1","24","SYNPCC7942_RS07405","48.0","0","0","false","0","SYNPCC7942_RS07405","0","0"
"0.0","0.0","0.0","0.0","2","0","2","0.08681605353703316","2","false","2","6","SYNPCC7942_RS00350","37.0","0","0","false","0","SYNPCC7942_RS00350","0","0"
"0.0","0.0","0.0","0.0","1","0","1","4.33333081343842E-6","1","false","1","3","SYNPCC7942_RS02300","74.0","0","0","false","0","SYNPCC7942_RS02300","0","0"
"0.0","0.0","0.0","0.0","1","0","1","0.02782082921106008","1","false","1","9","SYNPCC7942_RS04295","127.0","0","0","false","0","SYNPCC7942_RS04295","0","0"
"0.0","0.0","0.0","0.0","1","0","1","0.02782082921106008","1","false","1","9","SYNPCC7942_RS08735","127.0","0","0","false","0","SYNPCC7942_RS08735","0","0"
"0.0","0.0","0.0","0.0","1","0","1","0.02782082921106008","1","false","1","13","SYNPCC7942_RS10955","62.0","0","0","false","0","SYNPCC7942_RS10955","0","0"
"0.0","0.0","0.0","0.0","1","0","1","3.4762098894503714E-17","1","false","1","17","SYNPCC7942_RS12760","38.0","0","0","false","0","SYNPCC7942_RS12760","0","0"
"0.0","0.0","0.0","0.0","1","0","1","3.4762098894503714E-17","1","false","1","17","SYNPCC7942_RS06035","38.0","0","0","false","0","SYNPCC7942_RS06035","0","0"
"0.0","0.0","0.0","0.0","1","0","1","0.039344593986781556","1","false","1","14","SYNPCC7942_RS07740","99.0","0","0","false","0","SYNPCC7942_RS07740","0","0"
"0.0","0.0","0.0","0.0","1","0","1","4.33333081343842E-6","1","false","1","3","SYNPCC7942_RS03250","74.0","0","0","false","0","SYNPCC7942_RS03250","0","0"
"0.0","0.0","0.0","0.0","1","0","1","0.02782082921106008","1","false","1","16","SYNPCC7942_RS02195","48.0","0","0","false","0","SYNPCC7942_RS02195","0","0"
"0.0","0.0","0.0","0.0","1","0","1","0.02782082921106008","1","false","1","13","SYNPCC7942_RS07595","62.0","0","0","false","0","SYNPCC7942_RS07595","0","0"
"0.0","0.0","0.0","0.0","1","0","1","0.02782082921106008","1","false","1","9","SYNPCC7942_RS11945","127.0","0","0","false","0","SYNPCC7942_RS11945","0","0"
"0.0","0.0","0.0","0.0","1","0","1","5.34024661847894E-16","1","false","1","18","SYNPCC7942_RS12365","84.0","0","0","false","0","SYNPCC7942_RS12365","0","0"
"0.0","0.0","0.0","1.0","2","0","2","8.666661626876812E-6","2","false","2","20","SYNPCC7942_RS00500","52.0","0","0","false","0","SYNPCC7942_RS00500","0","0"
"0.0","0.0","0.0","0.0","1","0","1","5.34024661847894E-16","1","false","1","18","SYNPCC7942_RS07770","84.0","0","0","false","0","SYNPCC7942_RS07770","0","0"
"0.0","0.0","0.0","0.0","2","0","2","8.666661626843529E-6","2","false","2","12","SYNPCC7942_RS02625","37.5","0","0","false","0","SYNPCC7942_RS02625","0","0"
"0.0","0.0","0.0","0.0","1","0","1","8.666661626342819E-6","1","false","1","25","SYNPCC7942_RS07660","19.0","0","0","false","0","SYNPCC7942_RS07660","0","0"
"0.0","0.0","0.0","0.0","1","0","1","0.02782082921106008","1","false","1","9","SYNPCC7942_RS05350","127.0","0","0","false","0","SYNPCC7942_RS05350","0","0"
"0.0","0.0","0.0","0.0","1","0","1","0.02782082921106008","1","false","1","16","SYNPCC7942_RS11220","48.0","0","0","false","0","SYNPCC7942_RS11220","0","0"
"0.0","0.0","0.0","0.0","1","0","1","3.4762098894503714E-17","1","false","1","17","SYNPCC7942_RS09620","38.0","0","0","false","0","SYNPCC7942_RS09620","0","0"
"0.0","0.0","0.0","0.0","2","0","2","0.05564165842212016","2","false","2","11","SYNPCC7942_RS00515","86.5","0","0","false","0","SYNPCC7942_RS00515","0","0"
"0.0","0.0","0.0","0.0","2","0","2","0.05564165842212016","2","false","2","16","SYNPCC7942_RS09820","55.0","0","0","false","0","SYNPCC7942_RS09820","0","0"
"0.0","0.0","0.0","0.0","1","0","1","5.34024661847894E-16","1","false","1","18","SYNPCC7942_RS08800","84.0","0","0","false","0","SYNPCC7942_RS08800","0","0"
"0.0","0.0","0.0","0.0","1","0","1","4.33333081343842E-6","1","false","1","3","SYNPCC7942_RS05750","74.0","0","0","false","0","SYNPCC7942_RS05750","0","0"
"0.0","0.0","0.0","0.0","1","0","1","0.02782082921106008","1","false","1","9","SYNPCC7942_RS06465","127.0","0","0","false","0","SYNPCC7942_RS06465","0","0"
"0.0","0.0","0.0","0.0","1","0","1","4.33333081343842E-6","1","false","1","3","SYNPCC7942_RS06025","74.0","0","0","false","0","SYNPCC7942_RS06025","0","0"
"0.0","0.0","0.0","0.0","1","0","1","1.477928030944357E-18","1","false","1","12","SYNPCC7942_RS12975","34.0","0","0","false","0","SYNPCC7942_RS12975","0","0"
"0.0","0.0","0.0","1.0","2","0","2","0.06716542319784163","2","false","2","14","SYNPCC7942_RS01030","113.0","0","0","false","0","SYNPCC7942_RS01030","0","0"
"0.0","0.0","0.0","0.0","1","0","1","0.0671437565438343","1","false","1","6","SYNPCC7942_RS04475","26.0","0","0","false","0","SYNPCC7942_RS04475","0","0"
"0.0","0.0","0.0","0.0","1","0","1","0.019676630324012304","1","false","1","4","SYNPCC7942_RS05390","74.0","0","0","false","0","SYNPCC7942_RS05390","0","0"
"0.0","0.0","0.0","0.0","1","0","1","0.019672296993198866","1","false","1","5","SYNPCC7942_RS05665","48.0","0","0","false","0","SYNPCC7942_RS05665","0","0"
"0.0","0.0","0.0","0.0","1","0","1","0.02782082921106008","1","false","1","13","SYNPCC7942_RS10725","62.0","0","0","false","0","SYNPCC7942_RS10725","0","0"
"0.0","0.0","0.0","0.0","1","0","1","0.019676630324012304","1","false","1","4","SYNPCC7942_RS11960","74.0","0","0","false","0","SYNPCC7942_RS11960","0","0"
"0.0","0.0","0.0","0.0","1","0","1","5.34024661847894E-16","1","false","1","18","SYNPCC7942_RS02405","84.0","0","0","false","0","SYNPCC7942_RS02405","0","0"
"0.0","0.0","0.0","0.0","1","0","1","3.4762098894503714E-17","1","false","1","17","SYNPCC7942_RS09505","38.0","0","0","false","0","SYNPCC7942_RS09505","0","0"
"0.0","0.0","0.0","0.0","1","0","1","0.019672296993198866","1","false","1","5","SYNPCC7942_RS12745","48.0","0","0","false","0","SYNPCC7942_RS12745","0","0"
"0.0","0.0","0.0","0.0","1","0","1","0.02782082921106008","1","false","1","11","SYNPCC7942_RS01475","46.0","0","0","false","0","SYNPCC7942_RS01475","0","0"
"0.0","0.0","0.0","0.0","1","0","1","4.33333081343842E-6","1","false","1","20","SYNPCC7942_RS10510","30.0","0","0","false","0","SYNPCC7942_RS10510","0","0"
"0.0","0.0","0.0","0.5","2","0","2","0.04749312620425894","2","false","2","5","SYNPCC7942_RS02735","48.0","0","0","false","0","SYNPCC7942_RS02735","0","0"
"0.0","0.0","0.0","0.0","1","0","1","0.019676630324012304","1","false","1","4","SYNPCC7942_RS05690","74.0","0","0","false","0","SYNPCC7942_RS05690","0","0"
"0.0","0.0","0.0","1.0","2","0","2","0.06716542319784163","2","false","2","14","SYNPCC7942_RS02390","113.0","0","0","false","0","SYNPCC7942_RS02390","0","0"
"0.0","0.0","0.0","0.0","1","0","1","5.34024661847894E-16","1","false","1","18","SYNPCC7942_RS08945","84.0","0","0","false","0","SYNPCC7942_RS08945","0","0"
"0.0","0.0","0.0","0.0","1","0","1","0.019676630324012304","1","false","1","4","SYNPCC7942_RS02720","74.0","0","0","false","0","SYNPCC7942_RS02720","0","0"
"0.0","0.0","0.0","0.0","1","0","1","6.025912854335187E-15","1","false","1","24","SYNPCC7942_RS07730","48.0","0","0","false","0","SYNPCC7942_RS07730","0","0"
"0.0","0.0","0.0","0.0","1","0","1","3.4762098894503714E-17","1","false","1","17","SYNPCC7942_RS01645","38.0","0","0","false","0","SYNPCC7942_RS01645","0","0"
"0.0","0.0","0.0","0.0","1","0","1","8.666661626342819E-6","1","false","1","25","SYNPCC7942_RS02335","19.0","0","0","false","0","SYNPCC7942_RS02335","0","0"
"0.0","0.0","0.0","0.0","1","0","1","0.02782082921106008","1","false","1","13","SYNPCC7942_RS11865","62.0","0","0","false","0","SYNPCC7942_RS11865","0","0"
"0.0","0.0","0.0","0.0","1","0","1","4.33333081343842E-6","1","false","1","20","SYNPCC7942_RS02095","30.0","0","0","false","0","SYNPCC7942_RS02095","0","0"
"0.0","0.0","0.0","0.0","1","0","1","3.4762098894503714E-17","1","false","1","17","SYNPCC7942_RS12110","38.0","0","0","false","0","SYNPCC7942_RS12110","0","0"
"0.0","0.0","0.0","0.0","2","0","2","0.05564165842217341","2","false","2","8","SYNPCC7942_RS07020","59.5","0","0","false","0","SYNPCC7942_RS07020","0","0"
"0.0","0.0","0.0","0.0","2","0","2","5.35471799711527E-16","2","false","2","12","SYNPCC7942_RS06655","59.0","0","0","false","0","SYNPCC7942_RS06655","0","0"
"0.0","0.0","0.0","0.5","2","0","2","0.06716542319784163","2","false","2","13","SYNPCC7942_RS05995","80.5","0","0","false","0","SYNPCC7942_RS05995","0","0"
"0.0","0.0","0.0","0.0","1","0","1","0.0671437565438343","1","false","1","6","SYNPCC7942_RS01825","26.0","0","0","false","0","SYNPCC7942_RS01825","0","0"
"0.0","0.0","0.0","0.5","2","0","2","3.6209236758136737E-17","2","false","2","12","SYNPCC7942_RS02610","36.0","0","0","false","0","SYNPCC7942_RS02610","0","0"
"0.0","0.0","0.0","0.0","1","0","1","6.025912854335187E-15","1","false","1","24","SYNPCC7942_RS13185","48.0","0","0","false","0","SYNPCC7942_RS13185","0","0"
"0.0","0.0","0.0","0.0","1","0","1","0.027820829211113333","1","false","1","8","SYNPCC7942_RS01470","57.0","0","0","false","0","SYNPCC7942_RS01470","0","0"
"0.0","0.0","0.0","0.0","1","0","1","0.02782082921106008","1","false","1","16","SYNPCC7942_RS00555","48.0","0","0","false","0","SYNPCC7942_RS00555","0","0"
"0.0","0.0","0.0","0.0","1","0","1","5.34024661847894E-16","1","false","1","18","SYNPCC7942_RS11540","84.0","0","0","false","0","SYNPCC7942_RS11540","0","0"
"0.0","0.0","0.0","0.0","1","0","1","0.019676630324012304","1","false","1","4","SYNPCC7942_RS11905","74.0","0","0","false","0","SYNPCC7942_RS11905","0","0"
"0.0","0.0","0.0","0.0","2","0","2","0.05564165842212016","2","false","2","10","SYNPCC7942_RS10145","37.5","0","0","false","0","SYNPCC7942_RS10145","0","0"
"0.0","0.0","0.0","0.0","1","0","1","0.02782082921106008","1","false","1","13","SYNPCC7942_RS06725","62.0","0","0","false","0","SYNPCC7942_RS06725","0","0"
"0.0","0.0","0.0","0.0","1","0","1","0.027820829211113333","1","false","1","8","SYNPCC7942_RS05060","57.0","0","0","false","0","SYNPCC7942_RS05060","0","0"
"0.0","0.0","0.0","0.0","1","0","1","0.02782082921106008","1","false","1","9","SYNPCC7942_RS04760","127.0","0","0","false","0","SYNPCC7942_RS04760","0","0"
"0.0","0.0","0.0","0.5","3","0","3","0.09498625240890171","3","false","3","13","SYNPCC7942_RS02900","96.0","0","0","false","0","SYNPCC7942_RS02900","0","0"
"0.0","0.0","0.0","0.0","1","0","1","0.039344593986781556","1","false","1","14","SYNPCC7942_RS01490","99.0","0","0","false","0","SYNPCC7942_RS01490","0","0"
"0.0","0.0","0.0","0.0","1","0","1","0.027820829211113333","1","false","1","8","SYNPCC7942_RS06115","57.0","0","0","false","0","SYNPCC7942_RS06115","0","0"
"0.0","0.0","0.0","0.0","1","0","1","5.34024661847894E-16","1","false","1","18","SYNPCC7942_RS10180","84.0","0","0","false","0","SYNPCC7942_RS10180","0","0"
"0.0","0.0","0.0","0.0","1","0","1","0.02782082921106008","1","false","1","16","SYNPCC7942_RS07215","48.0","0","0","false","0","SYNPCC7942_RS07215","0","0"
"0.0","0.0","0.0","0.0","1","0","1","0.02782082921106008","1","false","1","9","SYNPCC7942_RS08875","127.0","0","0","false","0","SYNPCC7942_RS08875","0","0"
"0.0","0.0","0.0","0.0","1","0","1","5.34024661847894E-16","1","false","1","18","SYNPCC7942_RS01160","84.0","0","0","false","0","SYNPCC7942_RS01160","0","0"
"0.0","0.0","0.0","0.0","1","0","1","4.33333081343842E-6","1","false","1","3","SYNPCC7942_RS07915","74.0","0","0","false","0","SYNPCC7942_RS07915","0","0"
"0.0","0.0","0.0","0.0","1","0","1","0.0671437565438343","1","false","1","6","SYNPCC7942_RS06495","26.0","0","0","false","0","SYNPCC7942_RS06495","0","0"
"0.0","0.0","0.0","0.0","1","0","1","0.02782082921106008","1","false","1","13","SYNPCC7942_RS06865","62.0","0","0","false","0","SYNPCC7942_RS06865","0","0"
"0.0","0.0","0.0","1.0","2","0","2","8.666661626876812E-6","2","false","2","20","SYNPCC7942_RS11320","52.0","0","0","false","0","SYNPCC7942_RS11320","0","0"
"0.0","0.0","0.0","1.0","2","0","2","0.06716542319784163","2","false","2","14","SYNPCC7942_RS04385","113.0","0","0","false","0","SYNPCC7942_RS04385","0","0"
"0.0","0.0","0.0","0.0","1","0","1","0.02782082921106008","1","false","1","16","SYNPCC7942_RS03350","48.0","0","0","false","0","SYNPCC7942_RS03350","0","0"
"0.0","0.0","0.0","0.0","1","0","1","0.027820829211113333","1","false","1","8","SYNPCC7942_RS07350","57.0","0","0","false","0","SYNPCC7942_RS07350","0","0"
"0.0","0.0","0.0","0.0","2","0","2","0.019672296993198866","2","false","2","7","SYNPCC7942_RS04090","39.0","0","0","false","0","SYNPCC7942_RS04090","0","0"
"0.0","0.0","0.0","0.0","2","0","2","0.019672296993198904","2","false","2","17","SYNPCC7942_RS12340","43.0","0","0","false","0","SYNPCC7942_RS12340","0","0"
"0.0","0.0","0.0","0.0","1","0","1","0.02782082921106008","1","false","1","10","SYNPCC7942_RS12320","29.0","0","0","false","0","SYNPCC7942_RS12320","0","0"
"0.0","0.0","0.0","0.0","1","0","1","0.0671437565438343","1","false","1","6","SYNPCC7942_RS09615","26.0","0","0","false","0","SYNPCC7942_RS09615","0","0"
"0.0","0.0","0.0","0.0","1","0","1","0.039344593986781556","1","false","1","14","SYNPCC7942_RS00320","99.0","0","0","false","0","SYNPCC7942_RS00320","0","0"
"0.0","0.0","0.0","0.0","1","0","1","0.019672296993198866","1","false","1","5","SYNPCC7942_RS10765","48.0","0","0","false","0","SYNPCC7942_RS10765","0","0"
"0.0","0.0","0.0","0.5","2","0","2","0.027820829211119356","2","false","2","24","SYNPCC7942_RS10200","52.5","0","0","false","0","SYNPCC7942_RS10200","0","0"
"0.0","0.0","0.0","0.0","1","0","1","3.4762098894503714E-17","1","false","1","0","SYNPCC7942_RS12590","4.0","0","0","false","0","SYNPCC7942_RS12590","0","0"
"0.0","0.0","0.0","0.0","1","0","1","4.33333081343842E-6","1","false","1","3","SYNPCC7942_RS07070","74.0","0","0","false","0","SYNPCC7942_RS07070","0","0"
"0.0","0.0","0.0","0.0","1","0","1","0.027820829211113333","1","false","1","8","SYNPCC7942_RS00430","57.0","0","0","false","0","SYNPCC7942_RS00430","0","0"
"0.0","0.0","0.0","0.0","1","0","1","3.4762098894503714E-17","1","false","1","17","SYNPCC7942_RS07510","38.0","0","0","false","0","SYNPCC7942_RS07510","0","0"
"0.0","0.0","0.0","1.0","2","0","2","0.06716542319784163","2","false","2","14","SYNPCC7942_RS04180","113.0","0","0","false","0","SYNPCC7942_RS04180","0","0"
"0.0","0.0","0.0","0.0","1","0","1","5.34024661847894E-16","1","false","1","18","SYNPCC7942_RS11505","84.0","0","0","false","0","SYNPCC7942_RS11505","0","0"
"0.0","0.0","0.0","0.0","1","0","1","3.4762098894503714E-17","1","false","1","17","SYNPCC7942_RS11450","38.0","0","0","false","0","SYNPCC7942_RS11450","0","0"
"0.0","0.0","0.0","0.0","2","0","2","4.333330813439868E-6","2","false","1","15","SYNPCC7942_RS08835","41.5","0","0","false","0","SYNPCC7942_RS08835","0","0"
"0.0","0.0","0.0","0.0","1","0","1","1.477928030944357E-18","1","false","1","7","SYNPCC7942_RS11275","30.0","0","0","false","0","SYNPCC7942_RS11275","0","0"
"0.0","0.0","0.0","0.0","1","0","1","0.02782082921106008","1","false","1","9","SYNPCC7942_RS09115","127.0","0","0","false","0","SYNPCC7942_RS09115","0","0"
"0.0","0.0","0.0","0.0","1","0","1","0.02782082921106008","1","false","1","16","SYNPCC7942_RS02620","48.0","0","0","false","0","SYNPCC7942_RS02620","0","0"
"0.0","0.0","0.0","0.0","1","0","1","0.02782082921106008","1","false","1","9","SYNPCC7942_RS04060","127.0","0","0","false","0","SYNPCC7942_RS04060","0","0"
"0.0","0.0","0.0","0.0","1","0","1","0.02782082921106008","1","false","1","9","SYNPCC7942_RS05420","127.0","0","0","false","0","SYNPCC7942_RS05420","0","0"
"0.0","0.0","0.0","0.5","2","0","2","0.04749745953507238","2","false","2","13","SYNPCC7942_RS08390","68.0","0","0","false","0","SYNPCC7942_RS08390","0","0"
"0.0","0.0","0.0","0.0","1","0","1","0.027820829211113333","1","false","1","8","SYNPCC7942_RS13115","57.0","0","0","false","0","SYNPCC7942_RS13115","0","0"
"0.0","0.0","0.0","0.0","1","0","1","0.02782082921106008","1","false","1","9","SYNPCC7942_RS09980","127.0","0","0","false","0","SYNPCC7942_RS09980","0","0"
"0.0","0.0","0.0","0.0","1","0","1","3.4762098894503714E-17","1","false","1","17","SYNPCC7942_RS00385","38.0","0","0","false","0","SYNPCC7942_RS00385","0","0"
"0.0","0.0","0.0","0.5","2","0","2","0.027820829211119356","2","false","2","24","SYNPCC7942_RS05495","52.5","0","0","false","0","SYNPCC7942_RS05495","0","0"
"0.0","0.0","0.0","0.0","2","0","2","0.027825162541873515","2","false","2","3","SYNPCC7942_RS01605","100.5","0","0","false","0","SYNPCC7942_RS01605","0","0"
"0.0","0.0","0.0","0.0","2","0","2","0.05902122431079385","2","false","2","4","SYNPCC7942_RS07080","86.5","0","0","false","0","SYNPCC7942_RS07080","0","0"
"0.0","0.0","0.0","0.0","1","0","1","0.039344593986781556","1","false","1","14","SYNPCC7942_RS08145","99.0","0","0","false","0","SYNPCC7942_RS08145","0","0"
"0.0","0.0","0.0","0.0","2","0","2","0.039348927317211166","2","false","2","5","SYNPCC7942_RS01715","61.0","0","0","false","0","SYNPCC7942_RS01715","0","0"
"0.0","0.0","0.0","0.0","1","0","1","8.66666162684208E-6","1","false","1","29","SYNPCC7942_RS04750","41.0","0","0","false","0","SYNPCC7942_RS04750","0","0"
"0.0","0.0","0.0","0.0","1","0","1","0.027820829211113333","1","false","1","8","SYNPCC7942_RS07235","57.0","0","0","false","0","SYNPCC7942_RS07235","0","0"
"0.0","0.0","0.0","0.0","2","0","2","0.05564165842217341","2","false","2","8","SYNPCC7942_RS11510","59.5","0","0","false","0","SYNPCC7942_RS11510","0","0"
"0.0","0.0","0.0","0.0","1","0","1","5.34024661847894E-16","1","false","1","18","SYNPCC7942_RS01360","84.0","0","0","false","0","SYNPCC7942_RS01360","0","0"
"0.0","0.0","0.0","0.0","1","0","1","0.039344593986781556","1","false","1","14","SYNPCC7942_RS07705","99.0","0","0","false","0","SYNPCC7942_RS07705","0","0"
"0.0","0.0","0.0","0.0","1","0","1","0.019672296993198866","1","false","1","5","SYNPCC7942_RS04990","48.0","0","0","false","0","SYNPCC7942_RS04990","0","0"
"0.0","0.0","0.0","0.0","1","0","1","3.4762098894503714E-17","1","false","1","17","SYNPCC7942_RS00735","38.0","0","0","false","0","SYNPCC7942_RS00735","0","0"
"0.0","0.0","0.0","0.0","1","0","1","0.02782082921106008","1","false","1","9","SYNPCC7942_RS02505","127.0","0","0","false","0","SYNPCC7942_RS02505","0","0"
"0.0","0.0","0.0","0.0","1","0","1","8.66666162684208E-6","1","false","1","29","SYNPCC7942_RS08960","41.0","0","0","false","0","SYNPCC7942_RS08960","0","0"
"0.0","0.0","0.0","0.0","1","0","1","5.34024661847894E-16","1","false","1","18","SYNPCC7942_RS10580","84.0","0","0","false","0","SYNPCC7942_RS10580","0","0"
"0.0","0.0","0.0","0.5","2","0","2","6.559906726015769E-15","2","false","2","24","SYNPCC7942_RS03055","66.0","0","0","false","0","SYNPCC7942_RS03055","0","0"
"0.0","0.0","0.0","0.5","2","0","2","1.733332325318487E-5","2","false","2","25","SYNPCC7942_RS09265","30.0","0","0","false","0","SYNPCC7942_RS09265","0","0"
"0.0","0.0","0.0","0.0","1","0","1","0.02782082921106008","1","false","1","9","SYNPCC7942_RS02820","127.0","0","0","false","0","SYNPCC7942_RS02820","0","0"
"0.0","0.0","0.0","0.0","1","0","1","0.027820829211113333","1","false","1","8","SYNPCC7942_RS09950","57.0","0","0","false","0","SYNPCC7942_RS09950","0","0"
"0.0","0.0","0.0","0.0","1","0","1","8.666661626342819E-6","1","false","1","0","SYNPCC7942_RS00685","8.0","0","0","false","0","SYNPCC7942_RS00685","0","0"
"0.0","0.0","0.0","0.0","1","0","1","3.4762098894503714E-17","1","false","1","17","SYNPCC7942_RS13275","38.0","0","0","false","0","SYNPCC7942_RS13275","0","0"
"0.0","0.0","0.0","0.0","1","0","1","5.34024661847894E-16","1","false","1","18","SYNPCC7942_RS11480","84.0","0","0","false","0","SYNPCC7942_RS11480","0","0"
"0.0","0.0","0.0","0.0","1","0","1","0.027820829211113333","1","false","1","8","SYNPCC7942_RS03205","57.0","0","0","false","0","SYNPCC7942_RS03205","0","0"
"0.0","0.0","0.0","0.0","1","0","1","0.019676630324012304","1","false","1","4","SYNPCC7942_RS09105","74.0","0","0","false","0","SYNPCC7942_RS09105","0","0"
"0.0","0.0","0.0","0.0","1","0","1","4.33333081343842E-6","1","false","1","20","SYNPCC7942_RS11255","30.0","0","0","false","0","SYNPCC7942_RS11255","0","0"
"0.0","0.0","0.0","0.0","1","0","1","3.4762098894503714E-17","1","false","1","17","SYNPCC7942_RS05845","38.0","0","0","false","0","SYNPCC7942_RS05845","0","0"
"0.0","0.0","0.0","0.0","1","0","1","0.019672296993198866","1","false","1","5","SYNPCC7942_RS01690","48.0","0","0","false","0","SYNPCC7942_RS01690","0","0"
"0.0","0.0","0.0","0.0","2","0","2","0.039348927317211166","2","false","2","5","SYNPCC7942_RS01705","61.0","0","0","false","0","SYNPCC7942_RS01705","0","0"
"0.0","0.0","0.0","0.0","1","0","1","0.019676630324012304","1","false","1","4","SYNPCC7942_RS06405","74.0","0","0","false","0","SYNPCC7942_RS06405","0","0"
"0.0","0.0","0.0","0.0","1","0","1","0.02782082921106008","1","false","1","13","SYNPCC7942_RS09195","62.0","0","0","false","0","SYNPCC7942_RS09195","0","0"
"0.0","0.0","0.0","0.5","2","0","2","3.6209236758136737E-17","2","false","2","12","SYNPCC7942_RS06480","36.0","0","0","false","0","SYNPCC7942_RS06480","0","0"
"0.0","0.0","0.0","0.0","1","0","1","0.039344593986781556","1","false","1","14","SYNPCC7942_RS02385","99.0","0","0","false","0","SYNPCC7942_RS02385","0","0"
"0.0","0.0","0.0","0.0","1","0","1","8.66666162684208E-6","1","false","1","29","SYNPCC7942_RS01225","41.0","0","0","false","0","SYNPCC7942_RS01225","0","0"
"0.0","0.0","0.0","0.0","2","0","2","0.05564165842212016","2","false","2","11","SYNPCC7942_RS04455","86.5","0","0","false","0","SYNPCC7942_RS04455","0","0"
"0.0","0.0","0.0","0.0","1","0","1","0.02782082921106008","1","false","1","16","SYNPCC7942_RS03640","48.0","0","0","false","0","SYNPCC7942_RS03640","0","0"
"0.0","0.0","0.0","0.0","1","0","1","0.039344593986781556","1","false","1","14","SYNPCC7942_RS11195","99.0","0","0","false","0","SYNPCC7942_RS11195","0","0"
"0.0","0.0","0.0","0.0","1","0","1","0.019672296993198866","1","false","1","5","SYNPCC7942_RS01505","48.0","0","0","false","0","SYNPCC7942_RS01505","0","0"
"0.0","0.0","0.0","0.0","1","0","1","0.02782082921106008","1","false","1","16","SYNPCC7942_RS13005","48.0","0","0","false","0","SYNPCC7942_RS13005","0","0"
"0.0","0.0","0.0","0.0","1","0","1","6.025912854335187E-15","1","false","1","24","SYNPCC7942_RS04445","48.0","0","0","false","0","SYNPCC7942_RS04445","0","0"
"0.0","0.0","0.0","0.0","1","0","1","8.666661626342819E-6","1","false","1","25","SYNPCC7942_RS11970","19.0","0","0","false","0","SYNPCC7942_RS11970","0","1"
"0.0","0.0","0.0","1.0","2","0","2","0.06716542319784163","2","false","2","14","SYNPCC7942_RS00135","113.0","0","0","false","0","SYNPCC7942_RS00135","0","0"
"0.0","0.0","0.0","0.0","1","0","1","0.02782082921106008","1","false","1","10","SYNPCC7942_RS10450","29.0","0","0","false","0","SYNPCC7942_RS10450","0","0"
"0.0","0.0","0.0","0.0","1","0","1","1.477928030944357E-18","1","false","1","12","SYNPCC7942_RS04810","34.0","0","0","false","0","SYNPCC7942_RS04810","0","0"
"0.0","0.0","0.0","0.0","1","0","1","5.34024661847894E-16","1","false","1","18","SYNPCC7942_RS01330","84.0","0","0","false","0","SYNPCC7942_RS01330","0","0"
"1.0","0.006182902180647389","1.0","0.0","2","1","2","0.02782082921106008","1","false","1","0","SYNPCC7942_RS13165","64.0","1","0","false","0","SYNPCC7942_RS13165","4870","1"
"0.0","0.0","0.0","0.0","1","0","1","0.019676630324012304","1","false","1","4","SYNPCC7942_RS12210","74.0","0","0","false","0","SYNPCC7942_RS12210","0","0"
"0.0","0.0","0.0","0.0","1","0","1","5.34024661847894E-16","1","false","1","18","SYNPCC7942_RS06080","84.0","0","0","false","0","SYNPCC7942_RS06080","0","0"
"0.0","0.0","0.0","0.0","1","0","1","0.039344593986781556","1","false","1","14","SYNPCC7942_RS09690","99.0","0","0","false","0","SYNPCC7942_RS09690","0","0"
"0.0","0.0","0.0","0.0","1","0","1","0.02782082921106008","1","false","1","16","SYNPCC7942_RS10385","48.0","0","0","false","0","SYNPCC7942_RS10385","0","0"
"0.0","0.0","0.0","0.0","1","0","1","5.34024661847894E-16","1","false","1","18","SYNPCC7942_RS04380","84.0","0","0","false","0","SYNPCC7942_RS04380","0","0"
"0.0","0.0","0.0","0.5","2","0","2","6.559906726015769E-15","2","false","2","24","SYNPCC7942_RS13125","66.0","0","0","false","0","SYNPCC7942_RS13125","0","0"
"0.0","0.0","0.0","0.0","1","0","1","5.34024661847894E-16","1","false","1","18","SYNPCC7942_RS04790","84.0","0","0","false","0","SYNPCC7942_RS04790","0","0"
"0.0","0.0","0.0","0.0","1","0","1","8.666661626342819E-6","1","false","1","25","SYNPCC7942_RS09075","19.0","0","0","false","0","SYNPCC7942_RS09075","0","0"
"0.0","0.0","0.0","0.0","1","0","1","4.33333081343842E-6","1","false","1","19","SYNPCC7942_RS06720","15.0","0","0","false","0","SYNPCC7942_RS06720","0","0"
"0.0","0.0","0.0","0.0","1","0","1","0.039344593986781556","1","false","1","14","SYNPCC7942_RS03625","99.0","0","0","false","0","SYNPCC7942_RS03625","0","0"
"0.0","0.0","0.0","0.5","2","0","2","6.559906726015769E-15","2","false","2","24","SYNPCC7942_RS11170","66.0","0","0","false","0","SYNPCC7942_RS11170","0","0"
"0.0","0.0","0.0","0.0","1","0","1","0.019676630324012304","1","false","1","4","SYNPCC7942_RS09670","74.0","0","0","false","0","SYNPCC7942_RS09670","0","0"
"0.0","0.0","0.0","0.0","1","0","1","0.02782082921106008","1","false","1","13","SYNPCC7942_RS02510","62.0","0","0","false","0","SYNPCC7942_RS02510","0","0"
"0.0","0.0","0.0","0.0","2","0","2","0.04749312620425894","2","false","2","5","SYNPCC7942_RS05850","55.0","0","0","false","0","SYNPCC7942_RS05850","0","0"
"0.0","0.0","0.0","0.0","1","0","1","6.025912854335187E-15","1","false","1","24","SYNPCC7942_RS08700","48.0","0","0","false","0","SYNPCC7942_RS08700","0","0"
"0.0","0.0","0.0","0.0","1","0","1","0.02782082921106008","1","false","1","16","SYNPCC7942_RS01375","48.0","0","0","false","0","SYNPCC7942_RS01375","0","0"
"0.0","0.0","0.0","0.0","1","0","1","5.34024661847894E-16","1","false","1","18","SYNPCC7942_RS11350","84.0","0","0","false","0","SYNPCC7942_RS11350","0","0"
"0.0","0.0","0.0","0.0","1","0","1","0.027820829211113333","1","false","1","8","SYNPCC7942_RS06045","57.0","0","0","false","0","SYNPCC7942_RS06045","0","0"
"0.0","0.0","0.0","0.0","1","0","1","0.027820829211113333","1","false","1","8","SYNPCC7942_RS11810","57.0","0","0","false","0","SYNPCC7942_RS11810","0","0"
"0.0","0.0","0.0","0.0","1","0","1","0.0671437565438343","1","false","1","21","SYNPCC7942_RS10440","21.0","0","0","false","0","SYNPCC7942_RS10440","0","0"
"0.0","0.0","0.0","0.0","1","0","1","6.025912854335187E-15","1","false","1","24","SYNPCC7942_RS02715","48.0","0","0","false","0","SYNPCC7942_RS02715","0","0"
"0.0","0.0","0.0","0.0","1","0","1","0.02782082921106008","1","false","1","13","SYNPCC7942_RS08555","62.0","0","0","false","0","SYNPCC7942_RS08555","0","0"
"0.0","0.0","0.0","0.0","1","0","1","0.02782082921106008","1","false","1","9","SYNPCC7942_RS12520","127.0","0","0","false","0","SYNPCC7942_RS12520","0","0"
"0.0","0.0","0.0","0.0","1","0","1","0.027820829211113333","1","false","1","8","SYNPCC7942_RS07425","57.0","0","0","false","0","SYNPCC7942_RS07425","0","0"
"0.0","0.0","0.0","0.0","1","0","1","6.025912854335187E-15","1","false","1","24","SYNPCC7942_RS05570","48.0","0","0","false","0","SYNPCC7942_RS05570","0","0"
"0.0","0.0","0.0","0.0","1","0","1","0.027820829211113333","1","false","1","8","SYNPCC7942_RS10875","57.0","0","0","false","0","SYNPCC7942_RS10875","0","0"
"0.0","0.0","0.0","0.0","1","0","1","0.0671437565438343","1","false","1","21","SYNPCC7942_RS03145","21.0","0","0","false","0","SYNPCC7942_RS03145","0","0"
"0.0","0.0","0.0","0.0","1","0","1","6.025912854335187E-15","1","false","1","24","SYNPCC7942_RS02425","48.0","0","0","false","0","SYNPCC7942_RS02425","0","0"
"0.0","0.0","0.0","0.0","1","0","1","5.34024661847894E-16","1","false","1","18","SYNPCC7942_RS02170","84.0","0","0","false","0","SYNPCC7942_RS02170","0","0"
"0.0","0.0","0.0","1.0","2","0","2","0.06716542319784163","2","false","2","14","SYNPCC7942_RS10380","113.0","0","0","false","0","SYNPCC7942_RS10380","0","0"
"0.0","0.0","0.0","0.0","1","0","1","0.039344593986781556","1","false","1","14","SYNPCC7942_RS01185","99.0","0","0","false","0","SYNPCC7942_RS01185","0","0"
"0.0","0.0","0.0","0.0","1","0","1","0.019672296993582694","1","false","1","0","SYNPCC7942_RS07585","7.0","0","0","false","0","SYNPCC7942_RS07585","0","0"
"0.0","0.0","0.0","0.0","1","0","1","8.66666162684208E-6","1","false","1","29","SYNPCC7942_RS02795","41.0","0","0","false","0","SYNPCC7942_RS02795","0","0"
"0.0","0.0","0.0","0.0","2","0","2","0.027825162541873515","2","false","2","16","SYNPCC7942_RS05865","61.0","0","0","false","0","SYNPCC7942_RS05865","0","0"
"0.0","0.0","0.0","0.5","2","0","2","5.687559705750863E-16","2","false","2","17","SYNPCC7942_RS07415","61.0","0","0","false","0","SYNPCC7942_RS07415","0","0"
"0.0","0.0","0.0","0.0","1","0","1","5.34024661847894E-16","1","false","1","18","SYNPCC7942_RS09140","84.0","0","0","false","0","SYNPCC7942_RS09140","0","0"
"0.0","0.0","0.0","0.0","1","0","1","4.33333081343842E-6","1","false","1","3","SYNPCC7942_RS02280","74.0","0","0","false","0","SYNPCC7942_RS02280","0","0"
"0.0","0.0","0.0","1.0","2","0","2","0.06716542319784163","2","false","2","14","SYNPCC7942_RS05170","113.0","0","0","false","0","SYNPCC7942_RS05170","0","0"
"0.0","0.0","0.0","0.0","1","0","1","0.019672296993198866","1","false","1","0","SYNPCC7942_RS02285","2.0","0","0","false","0","SYNPCC7942_RS02285","0","0"
"0.0","0.0","0.0","0.0","1","0","1","1.477928030944357E-18","1","false","1","12","SYNPCC7942_RS12855","34.0","0","0","false","0","SYNPCC7942_RS12855","0","0"
"0.0","0.0","0.0","0.0","1","0","1","0.02782082921106008","1","false","1","16","SYNPCC7942_RS11250","48.0","0","0","false","0","SYNPCC7942_RS11250","0","0"
"0.0","0.0","0.0","1.0","2","0","2","0.06716542319784163","2","false","2","14","SYNPCC7942_RS02670","113.0","0","0","false","0","SYNPCC7942_RS02670","0","0"
"0.0","0.0","0.0","0.0","2","0","2","0.039348927317595","2","false","2","3","SYNPCC7942_RS04290","86.5","0","0","false","0","SYNPCC7942_RS04290","0","0"
"0.0","0.0","0.0","0.0","1","0","1","8.66666162684208E-6","1","false","1","29","SYNPCC7942_RS07005","41.0","0","0","false","0","SYNPCC7942_RS07005","0","0"
"0.0","0.0","0.0","0.0","1","0","1","0.02782082921106008","1","false","1","11","SYNPCC7942_RS05990","46.0","0","0","false","0","SYNPCC7942_RS05990","0","0"
"0.0","0.0","0.0","0.0","1","0","1","6.025912854335187E-15","1","false","1","24","SYNPCC7942_RS01405","48.0","0","0","false","0","SYNPCC7942_RS01405","0","0"
"0.0","0.0","0.0","0.0","1","0","1","3.4762098894503714E-17","1","false","1","17","SYNPCC7942_RS09720","38.0","0","0","false","0","SYNPCC7942_RS09720","0","0"
"1.0","0.004453720913698366","1.0","0.0","2","1","2","8.66666162684208E-6","1","false","1","29","SYNPCC7942_RS03440","21.0","1","0","false","0","SYNPCC7942_RS03440","3508","1"
"0.0","0.0","0.0","0.0","1","0","1","0.0671437565438343","1","false","1","6","SYNPCC7942_RS01180","26.0","0","0","false","0","SYNPCC7942_RS01180","0","0"
"0.0","0.0","0.0","0.0","1","0","1","5.34024661847894E-16","1","false","1","18","SYNPCC7942_RS10115","84.0","0","0","false","0","SYNPCC7942_RS10115","0","0"
"0.0","0.0","0.0","0.0","1","0","1","8.66666162684208E-6","1","false","1","29","SYNPCC7942_RS06885","41.0","0","0","false","0","SYNPCC7942_RS06885","0","0"
"0.0","0.0","0.0","1.0","2","0","2","0.0671654231978949","2","false","2","8","SYNPCC7942_RS04515","78.0","0","0","false","0","SYNPCC7942_RS04515","0","0"
"0.0","0.0","0.0","0.0","1","0","1","0.019672296993582694","1","false","1","0","SYNPCC7942_RS11780","7.0","0","0","false","0","SYNPCC7942_RS11780","0","0"
"0.0","0.0","0.0","0.0","1","0","1","5.34024661847894E-16","1","false","1","18","SYNPCC7942_RS04785","84.0","0","0","false","0","SYNPCC7942_RS04785","0","0"
"0.0","0.0","0.0","0.0","1","0","1","5.34024661847894E-16","1","false","1","18","SYNPCC7942_RS01310","84.0","0","0","false","0","SYNPCC7942_RS01310","0","0"
"0.0","0.0","0.0","0.0","2","0","2","0.05564165842212016","2","false","2","11","SYNPCC7942_RS04595","86.5","0","0","false","0","SYNPCC7942_RS04595","0","0"
"0.0","0.0","0.0","0.0","1","0","1","0.02782082921106008","1","false","1","9","SYNPCC7942_RS13225","127.0","0","0","false","0","SYNPCC7942_RS13225","0","0"
"0.0","0.0","0.0","0.0","1","0","1","1.477928030944357E-18","1","false","1","15","SYNPCC7942_RS13770","9.0","0","0","false","0","SYNPCC7942_RS13770","0","0"
"0.0","0.0","0.0","0.0","1","0","1","8.666661626875365E-6","1","false","1","25","SYNPCC7942_RS06715","9.0","0","0","false","0","SYNPCC7942_RS06715","0","0"
"0.0","0.0","0.0","0.0","2","0","2","0.039348927317595","2","false","2","3","SYNPCC7942_RS05090","86.5","0","0","false","0","SYNPCC7942_RS05090","0","0"
"0.0","0.0","0.0","0.0","1","0","1","6.025912854335187E-15","1","false","1","24","SYNPCC7942_RS08115","48.0","0","0","false","0","SYNPCC7942_RS08115","0","0"
"0.0","0.0","0.0","0.0","1","0","1","3.4762098894503714E-17","1","false","1","17","SYNPCC7942_RS04205","38.0","0","0","false","0","SYNPCC7942_RS04205","0","0"
"0.0","0.0","0.0","0.0","1","0","1","0.039344593986781556","1","false","1","14","SYNPCC7942_RS12145","99.0","0","0","false","0","SYNPCC7942_RS12145","0","0"
"0.0","0.0","0.0","0.0","2","0","2","0.019676630324012304","2","false","2","5","SYNPCC7942_RS11335","61.0","0","0","false","0","SYNPCC7942_RS11335","0","0"
"0.0","0.0","0.0","0.0","1","0","1","5.34024661847894E-16","1","false","1","18","SYNPCC7942_RS07795","84.0","0","0","false","0","SYNPCC7942_RS07795","0","0"
"0.0","0.0","0.0","0.0","1","0","1","0.02782082921106008","1","false","1","10","SYNPCC7942_RS01545","29.0","0","0","false","0","SYNPCC7942_RS01545","0","0"
"0.0","0.0","0.0","0.0","1","0","1","5.34024661847894E-16","1","false","1","18","SYNPCC7942_RS00415","84.0","0","0","false","0","SYNPCC7942_RS00415","0","0"
"0.0","0.0","0.0","0.0","1","0","1","5.34024661847894E-16","1","false","1","18","SYNPCC7942_RS09965","84.0","0","0","false","0","SYNPCC7942_RS09965","0","0"
"0.0","0.0","0.0","0.0","1","0","1","4.33333081343842E-6","1","false","1","3","SYNPCC7942_RS11805","74.0","0","0","false","0","SYNPCC7942_RS11805","0","0"
"0.0","0.0","0.0","0.0","2","0","2","8.666661626344265E-6","2","false","2","0","SYNPCC7942_RS10275","21.0","0","0","false","0","SYNPCC7942_RS10275","0","0"
"0.0","0.0","0.0","0.0","1","0","1","8.666661626875365E-6","1","false","1","25","SYNPCC7942_RS08860","9.0","0","0","false","0","SYNPCC7942_RS08860","0","0"
"0.0","0.0","0.0","0.0","1","0","1","8.66666162684208E-6","1","false","1","29","SYNPCC7942_RS08725","41.0","0","0","false","0","SYNPCC7942_RS08725","0","0"
"0.0","0.0","0.0","0.0","1","0","1","0.027820829211113333","1","false","1","8","SYNPCC7942_RS10485","57.0","0","0","false","0","SYNPCC7942_RS10485","0","0"
"0.0","0.0","0.0","0.0","1","0","1","0.0671437565438343","1","false","1","21","SYNPCC7942_RS02465","21.0","0","0","false","0","SYNPCC7942_RS02465","0","0"
"0.0","0.0","0.0","0.0","1","0","1","4.33333081343842E-6","1","false","1","20","SYNPCC7942_RS09280","30.0","0","0","false","0","SYNPCC7942_RS09280","0","0"
"0.0","0.0","0.0","0.0","2","0","2","0.07531395541531902","2","false","2","0","SYNPCC7942_RS03115","25.5","0","0","false","0","SYNPCC7942_RS03115","0","0"
"0.0","0.0","0.0","1.0","2","0","2","0.06716542319784163","2","false","2","14","SYNPCC7942_RS03180","113.0","0","0","false","0","SYNPCC7942_RS03180","0","0"
"0.0","0.0","0.0","0.0","1","0","1","6.025912854335187E-15","1","false","1","24","SYNPCC7942_RS04405","48.0","0","0","false","0","SYNPCC7942_RS04405","0","0"
"0.0","0.0","0.0","0.0","2","0","2","0.05564165842212016","2","false","2","11","SYNPCC7942_RS08785","86.5","0","0","false","0","SYNPCC7942_RS08785","0","0"
"0.0","0.0","0.0","0.0","1","0","1","1.477928030944357E-18","1","false","1","12","SYNPCC7942_RS09800","34.0","0","0","false","0","SYNPCC7942_RS09800","0","0"
"0.0","0.0","0.0","0.0","2","0","2","0.027825162541873515","2","false","2","3","SYNPCC7942_RS06130","100.5","0","0","false","0","SYNPCC7942_RS06130","0","0"
"0.0","0.0","0.0","0.0","2","0","2","5.35471799711527E-16","2","false","2","12","SYNPCC7942_RS07555","59.0","0","0","false","0","SYNPCC7942_RS07555","0","0"
"0.0","0.0","0.0","1.0","2","0","2","0.06716542319784163","2","false","2","14","SYNPCC7942_RS06610","113.0","0","0","false","0","SYNPCC7942_RS06610","0","0"
"0.0","0.0","0.0","0.0","1","0","1","0.02782082921106008","1","false","1","13","SYNPCC7942_RS06875","62.0","0","0","false","0","SYNPCC7942_RS06875","0","0"
"0.0","0.0","0.0","0.0","1","0","1","0.02782082921106008","1","false","1","13","SYNPCC7942_RS10295","62.0","0","0","false","0","SYNPCC7942_RS10295","0","0"
"0.0","0.0","0.0","0.0","1","0","1","0.02782082921106008","1","false","1","9","SYNPCC7942_RS13160","127.0","0","0","false","0","SYNPCC7942_RS13160","0","0"
"0.0","0.0","0.0","0.0","1","0","1","1.477928030944357E-18","1","false","1","7","SYNPCC7942_RS05315","30.0","0","0","false","0","SYNPCC7942_RS05315","0","0"
"0.0","0.0","0.0","0.0","1","0","1","0.02782082921106008","1","false","1","13","SYNPCC7942_RS02185","62.0","0","0","false","0","SYNPCC7942_RS02185","0","0"
"0.0","0.0","0.0","0.0","1","0","1","0.0671437565438343","1","false","1","21","SYNPCC7942_RS03495","21.0","0","0","false","0","SYNPCC7942_RS03495","0","0"
"0.0","0.0","0.0","0.0","1","0","1","0.039344593986781556","1","false","1","14","SYNPCC7942_RS12295","99.0","0","0","false","0","SYNPCC7942_RS12295","0","0"
"0.0","0.0","0.0","0.0","1","0","1","0.039344593986781556","1","false","1","14","SYNPCC7942_RS09920","99.0","0","0","false","0","SYNPCC7942_RS09920","0","0"
"0.0","0.0","0.0","0.0","1","0","1","0.02782082921106008","1","false","1","9","SYNPCC7942_RS05410","127.0","0","0","false","0","SYNPCC7942_RS05410","0","0"
"0.0","0.0","0.0","0.0","1","0","1","8.66666162684208E-6","1","false","1","29","SYNPCC7942_RS07120","41.0","0","0","false","0","SYNPCC7942_RS07120","0","0"
"0.0","0.0","0.0","0.0","1","0","1","5.34024661847894E-16","1","false","1","18","SYNPCC7942_RS09465","84.0","0","0","false","0","SYNPCC7942_RS09465","0","0"
"0.0","0.0","0.0","0.0","1","0","1","1.477928030944357E-18","1","false","1","12","SYNPCC7942_RS11185","34.0","0","0","false","0","SYNPCC7942_RS11185","0","0"
"0.0","0.0","0.0","0.0","1","0","1","4.33333081343842E-6","1","false","1","19","SYNPCC7942_RS01315","15.0","0","0","false","0","SYNPCC7942_RS01315","0","0"
"0.0","0.0","0.0","0.0","1","0","1","6.025912854335187E-15","1","false","1","24","SYNPCC7942_RS09340","48.0","0","0","false","0","SYNPCC7942_RS09340","0","0"
"0.0","0.0","0.0","0.0","1","0","1","4.33333081343842E-6","1","false","1","20","SYNPCC7942_RS00970","30.0","0","0","false","0","SYNPCC7942_RS00970","0","0"
"0.0","0.0","0.0","0.0","1","0","1","0.027820829211113333","1","false","1","8","SYNPCC7942_RS10775","57.0","0","0","false","0","SYNPCC7942_RS10775","0","0"
"0.0","0.0","0.0","0.0","1","0","1","0.02782082921106008","1","false","1","9","SYNPCC7942_RS08570","127.0","0","0","false","0","SYNPCC7942_RS08570","0","0"
"0.0","0.0","0.0","0.0","1","0","1","6.025912854335187E-15","1","false","1","24","SYNPCC7942_RS09540","48.0","0","0","false","0","SYNPCC7942_RS09540","0","0"
"0.0","0.0","0.0","0.0","1","0","1","0.02782082921106008","1","false","1","9","SYNPCC7942_RS07680","127.0","0","0","false","0","SYNPCC7942_RS07680","0","0"
"0.0","0.0","0.0","0.0","1","0","1","8.666661626342819E-6","1","false","1","29","SYNPCC7942_RS11000","2.0","0","0","false","0","SYNPCC7942_RS11000","0","0"
"0.0","0.0","0.0","0.0","1","0","1","0.019676630324012304","1","false","1","4","SYNPCC7942_RS06055","74.0","0","0","false","0","SYNPCC7942_RS06055","0","0"
"0.0","0.0","0.0","0.0","2","0","2","0.039348927317211166","2","false","2","5","SYNPCC7942_RS01700","61.0","0","0","false","0","SYNPCC7942_RS01700","0","0"
"0.0","0.0","0.0","0.0","1","0","1","0.039344593986781556","1","false","1","14","SYNPCC7942_RS12125","99.0","0","0","false","0","SYNPCC7942_RS12125","0","0"
"0.0","0.0","0.0","0.0","1","0","1","3.4762098894503714E-17","1","false","1","17","SYNPCC7942_RS09355","38.0","0","0","false","0","SYNPCC7942_RS09355","0","0"
"0.0","0.0","0.0","0.0","1","0","1","0.019676630324012304","1","false","1","4","SYNPCC7942_RS06400","74.0","0","0","false","0","SYNPCC7942_RS06400","0","0"
"0.0","0.0","0.0","0.0","1","0","1","8.666661626342819E-6","1","false","1","25","SYNPCC7942_RS00705","19.0","0","0","false","0","SYNPCC7942_RS00705","0","0"
"0.0","0.0","0.0","0.0","1","0","1","0.02782082921106008","1","false","1","9","SYNPCC7942_RS07570","127.0","0","0","false","0","SYNPCC7942_RS07570","0","0"
"0.0","0.0","0.0","0.0","1","0","1","0.027820829211113333","1","false","1","8","SYNPCC7942_RS02595","57.0","0","0","false","0","SYNPCC7942_RS02595","0","0"
"0.0","0.0","0.0","0.0","1","0","1","6.025912854335187E-15","1","false","1","24","SYNPCC7942_RS09455","48.0","0","0","false","0","SYNPCC7942_RS09455","0","0"
"0.0","0.0","0.0","0.0","1","0","1","5.34024661847894E-16","1","false","1","18","SYNPCC7942_RS02030","84.0","0","0","false","0","SYNPCC7942_RS02030","0","0"
"0.0","0.0","0.0","0.0","1","0","1","0.019672296993198866","1","false","1","5","SYNPCC7942_RS05670","48.0","0","0","false","0","SYNPCC7942_RS05670","0","0"
"0.0","0.0","0.0","0.0","1","0","1","4.33333081343842E-6","1","false","1","3","SYNPCC7942_RS12735","74.0","0","0","false","0","SYNPCC7942_RS12735","0","0"
"0.0","0.0","0.0","0.0","1","0","1","4.33333081343842E-6","1","false","1","20","SYNPCC7942_RS05145","30.0","0","0","false","0","SYNPCC7942_RS05145","0","0"
"0.0","0.0","0.0","0.0","2","0","2","0.019672296993583232","2","false","2","0","SYNPCC7942_RS08125","45.5","0","0","false","0","SYNPCC7942_RS08125","0","0"
"0.0","0.0","0.0","0.0","1","0","1","8.66666162684208E-6","1","false","1","29","SYNPCC7942_RS08710","41.0","0","0","false","0","SYNPCC7942_RS08710","0","0"
"0.0","0.0","0.0","0.0","1","0","1","0.02782082921106008","1","false","1","13","SYNPCC7942_RS12380","62.0","0","0","false","0","SYNPCC7942_RS12380","0","0"
"0.0","0.0","0.0","0.0","1","0","1","0.02782082921106008","1","false","1","16","SYNPCC7942_RS01635","48.0","0","0","false","0","SYNPCC7942_RS01635","0","0"
"0.0","0.0","0.0","0.5","2","0","2","0.06716542319784163","2","false","2","10","SYNPCC7942_RS13120","64.0","0","0","false","0","SYNPCC7942_RS13120","0","0"
"0.0","0.0","0.0","0.0","2","0","2","0.027825162541873515","2","false","2","19","SYNPCC7942_RS05185","38.5","0","0","false","0","SYNPCC7942_RS05185","0","0"
"0.0","0.0","0.0","0.0","1","0","1","1.477928030944357E-18","1","false","1","7","SYNPCC7942_RS08905","30.0","0","0","false","0","SYNPCC7942_RS08905","0","0"
"0.0","0.0","0.0","0.0","1","0","1","0.02782082921106008","1","false","1","16","SYNPCC7942_RS13000","48.0","0","0","false","0","SYNPCC7942_RS13000","0","0"
"0.0","0.0","0.0","0.0","1","0","1","0.02782082921106008","1","false","1","16","SYNPCC7942_RS01965","48.0","0","0","false","0","SYNPCC7942_RS01965","0","0"
"0.0","0.0","0.0","0.0","1","0","1","8.666661626875365E-6","1","false","1","25","SYNPCC7942_RS10355","9.0","0","0","false","0","SYNPCC7942_RS10355","0","0"
"0.0","0.0","0.0","0.0","1","0","1","5.34024661847894E-16","1","false","1","18","SYNPCC7942_RS08515","84.0","0","0","false","0","SYNPCC7942_RS08515","0","0"
"0.0","0.0","0.0","0.0","1","0","1","0.027820829211113333","1","false","1","8","SYNPCC7942_RS03415","57.0","0","0","false","0","SYNPCC7942_RS03415","0","0"
"0.0","0.0","0.0","0.0","1","0","1","0.0671437565438343","1","false","1","6","SYNPCC7942_RS12105","26.0","0","0","false","0","SYNPCC7942_RS12105","0","0"
"0.0","0.0","0.0","0.0","1","0","1","0.0671437565438343","1","false","1","21","SYNPCC7942_RS04805","21.0","0","0","false","0","SYNPCC7942_RS04805","0","0"
"0.0","0.0","0.0","0.0","1","0","1","0.02782082921106008","1","false","1","10","SYNPCC7942_RS09035","29.0","0","0","false","0","SYNPCC7942_RS09035","0","0"
"0.0","0.0","0.0","0.0","1","0","1","6.025912854335187E-15","1","false","1","24","SYNPCC7942_RS02760","48.0","0","0","false","0","SYNPCC7942_RS02760","0","0"
"0.0","0.0","0.0","0.0","1","0","1","0.039335927325160745","1","false","1","2","SYNPCC7942_RS07265","17.0","0","0","false","0","SYNPCC7942_RS07265","0","0"
"0.0","0.0","0.0","1.0","2","0","2","0.06716542319784163","2","false","2","14","SYNPCC7942_RS05240","113.0","0","0","false","0","SYNPCC7942_RS05240","0","0"
"0.0","0.0","0.0","0.0","1","0","1","8.666661626342819E-6","1","false","1","0","SYNPCC7942_RS11755","8.0","0","0","false","0","SYNPCC7942_RS11755","0","0"
"0.0","0.0","0.0","0.0","1","0","1","1.477928030944357E-18","1","false","1","12","SYNPCC7942_RS08365","34.0","0","0","false","0","SYNPCC7942_RS08365","0","0"
"0.0","0.0","0.0","0.0","1","0","1","1.477928030944357E-18","1","false","1","7","SYNPCC7942_RS03450","30.0","0","0","false","0","SYNPCC7942_RS03450","0","0"
"0.0","0.0","0.0","0.0","1","0","1","0.019676630324012304","1","false","1","4","SYNPCC7942_RS11775","74.0","0","0","false","0","SYNPCC7942_RS11775","0","0"
"0.0","0.0","0.0","0.0","1","0","1","0.019672296993198866","1","false","1","5","SYNPCC7942_RS07100","48.0","0","0","false","0","SYNPCC7942_RS07100","0","0"
"0.0","0.0","0.0","0.0","1","0","1","0.02782082921106008","1","false","1","13","SYNPCC7942_RS00520","62.0","0","0","false","0","SYNPCC7942_RS00520","0","0"
"0.0","0.0","0.0","0.0","1","0","1","0.02782082921106008","1","false","1","11","SYNPCC7942_RS09795","46.0","0","0","false","0","SYNPCC7942_RS09795","0","0"
"0.0","0.0","0.0","0.0","2","0","2","0.039348927317211166","2","false","2","5","SYNPCC7942_RS01710","61.0","0","0","false","0","SYNPCC7942_RS01710","0","0"
"0.0","0.0","0.0","0.0","1","0","1","0.039344593986781556","1","false","1","14","SYNPCC7942_RS04890","99.0","0","0","false","0","SYNPCC7942_RS04890","0","0"
"0.0","0.0","0.0","0.0","1","0","1","5.34024661847894E-16","1","false","1","17","SYNPCC7942_RS01110","3.0","0","0","false","0","SYNPCC7942_RS01110","0","0"
"0.0","0.0","0.0","0.0","1","0","1","0.019676630324012304","1","false","1","4","SYNPCC7942_RS12700","74.0","0","0","false","0","SYNPCC7942_RS12700","0","0"
"0.0","0.0","0.0","0.0","1","0","1","0.02782082921106008","1","false","1","9","SYNPCC7942_RS10215","127.0","0","0","false","0","SYNPCC7942_RS10215","0","0"
"0.0","0.0","0.0","0.0","1","0","1","0.02782082921106008","1","false","1","16","SYNPCC7942_RS07790","48.0","0","0","false","0","SYNPCC7942_RS07790","0","0"
"0.0","0.0","0.0","0.0","1","0","1","3.4762098894503714E-17","1","false","1","17","SYNPCC7942_RS13875","38.0","0","0","false","0","SYNPCC7942_RS13875","0","0"
"0.0","0.0","0.0","0.0","1","0","1","4.33333081343842E-6","1","false","1","19","SYNPCC7942_RS04930","15.0","0","0","false","0","SYNPCC7942_RS04930","0","0"
"0.0","0.0","0.0","0.0","1","0","1","8.666661626342819E-6","1","false","1","25","SYNPCC7942_RS09510","19.0","0","0","false","0","SYNPCC7942_RS09510","0","0"
"0.0","0.0","0.0","0.0","1","0","1","0.019672296993582694","1","false","1","0","SYNPCC7942_RS05360","7.0","0","0","false","0","SYNPCC7942_RS05360","0","0"
"0.0","0.0","0.0","0.0","1","0","1","0.02782082921106008","1","false","1","0","SYNPCC7942_RS10615","4.0","0","0","false","0","SYNPCC7942_RS10615","0","0"
"0.0","0.0","0.0","0.0","1","0","1","5.34024661847894E-16","1","false","1","18","SYNPCC7942_RS04840","84.0","0","0","false","0","SYNPCC7942_RS04840","0","0"
"0.0","0.0","0.0","0.0","1","0","1","0.019676630324012304","1","false","1","4","SYNPCC7942_RS05015","74.0","0","0","false","0","SYNPCC7942_RS05015","0","0"
"0.0","0.0","0.0","0.0","1","0","1","0.02782082921106008","1","false","1","9","SYNPCC7942_RS09870","127.0","0","0","false","0","SYNPCC7942_RS09870","0","0"
"0.0","0.0","0.0","0.0","2","0","2","0.039348927317211166","2","false","2","5","SYNPCC7942_RS13060","61.0","0","0","false","0","SYNPCC7942_RS13060","0","0"
"0.0","0.0","0.0","0.0","1","0","1","0.039344593986781556","1","false","1","14","SYNPCC7942_RS02710","99.0","0","0","false","0","SYNPCC7942_RS02710","0","0"
"0.0","0.0","0.0","0.0","1","0","1","0.039335927325160745","1","false","1","2","SYNPCC7942_RS08215","17.0","0","0","false","0","SYNPCC7942_RS08215","0","0"
"0.0","0.0","0.0","0.0","1","0","1","0.0671437565438343","1","false","1","6","SYNPCC7942_RS13150","26.0","0","0","false","0","SYNPCC7942_RS13150","0","0"
"0.0","0.0","0.0","0.0","1","0","1","0.02782082921106008","1","false","1","10","SYNPCC7942_RS05835","29.0","0","0","false","0","SYNPCC7942_RS05835","0","0"
"0.0","0.0","0.0","0.0","1","0","1","8.66666162684208E-6","1","false","1","29","SYNPCC7942_RS04905","41.0","0","0","false","0","SYNPCC7942_RS04905","0","0"
"0.0","0.0","0.0","0.0","1","0","1","0.02782082921106008","1","false","1","11","SYNPCC7942_RS13250","46.0","0","0","false","0","SYNPCC7942_RS13250","0","0"
"0.0","0.0","0.0","0.0","1","0","1","6.025912854335187E-15","1","false","1","24","SYNPCC7942_RS08185","48.0","0","0","false","0","SYNPCC7942_RS08185","0","0"
"0.0","0.0","0.0","0.0","2","0","2","4.3333308139724145E-6","2","false","2","3","SYNPCC7942_RS09865","79.0","0","0","false","0","SYNPCC7942_RS09865","0","0"
"0.0","0.0","0.0","0.0","1","0","1","1.477928030944357E-18","1","false","1","15","SYNPCC7942_RS02430","9.0","0","0","false","0","SYNPCC7942_RS02430","0","0"
"0.0","0.0","0.0","0.0","1","0","1","6.025912854335187E-15","1","false","1","24","SYNPCC7942_RS10710","48.0","0","0","false","0","SYNPCC7942_RS10710","0","0"
"0.0","0.0","0.0","0.0","1","0","1","0.02782082921106008","1","false","1","9","SYNPCC7942_RS00045","127.0","0","0","false","0","SYNPCC7942_RS00045","0","0"
"0.0","0.0","0.0","0.0","1","0","1","3.4762098894503714E-17","1","false","1","17","SYNPCC7942_RS00635","38.0","0","0","false","0","SYNPCC7942_RS00635","0","0"
"0.0","0.0","0.0","0.0","1","0","1","0.02782082921106008","1","false","1","13","SYNPCC7942_RS13055","62.0","0","0","false","0","SYNPCC7942_RS13055","0","0"
"0.0","0.0","0.0","0.0","1","0","1","1.477928030944357E-18","1","false","1","15","SYNPCC7942_RS10055","9.0","0","0","false","0","SYNPCC7942_RS10055","0","0"
"0.0","0.0","0.0","0.0","1","0","1","6.025912854335187E-15","1","false","1","24","SYNPCC7942_RS01355","48.0","0","0","false","0","SYNPCC7942_RS01355","0","0"
"0.0","0.0","0.0","0.0","1","0","1","8.66666162684208E-6","1","false","1","29","SYNPCC7942_RS09605","41.0","0","0","false","0","SYNPCC7942_RS09605","0","0"
"0.0","0.0","0.0","0.0","1","0","1","8.666661626342819E-6","1","false","1","25","SYNPCC7942_RS12445","19.0","0","0","false","0","SYNPCC7942_RS12445","0","0"
"0.0","0.0","0.0","0.0","1","0","1","8.66666162684208E-6","1","false","1","29","SYNPCC7942_RS12645","41.0","0","0","false","0","SYNPCC7942_RS12645","0","0"
"0.0","0.0","0.0","0.0","1","0","1","8.66666162684208E-6","1","false","1","29","SYNPCC7942_RS06535","41.0","0","0","false","0","SYNPCC7942_RS06535","0","0"
"0.0","0.0","0.0","0.0","1","0","1","1.477928030944357E-18","1","false","1","7","SYNPCC7942_RS11310","30.0","0","0","false","0","SYNPCC7942_RS11310","0","0"
"0.0","0.0","0.0","0.0","1","0","1","0.02782082921106008","1","false","1","16","SYNPCC7942_RS10740","48.0","0","0","false","0","SYNPCC7942_RS10740","0","0"
"0.0","0.0","0.0","0.0","1","0","1","0.0671437565438343","1","false","1","10","SYNPCC7942_RS03220","4.0","0","0","false","0","SYNPCC7942_RS03220","0","0"
"0.0","0.0","0.0","0.0","1","0","1","0.027820829211113333","1","false","1","8","SYNPCC7942_RS06435","57.0","0","0","false","0","SYNPCC7942_RS06435","0","0"
"0.0","0.0","0.0","0.0","1","0","1","0.02782082921106008","1","false","1","9","SYNPCC7942_RS09810","127.0","0","0","false","0","SYNPCC7942_RS09810","0","0"
"0.0","0.0","0.0","0.0","1","0","1","0.0671437565438343","1","false","1","21","SYNPCC7942_RS11995","21.0","0","0","false","0","SYNPCC7942_RS11995","0","0"
"0.0","0.0","0.0","0.0","2","0","2","0.04749312620425894","2","false","1","0","SYNPCC7942_RS06355","3.0","0","0","false","0","SYNPCC7942_RS06355","0","0"
"0.0","0.0","0.0","0.0","1","0","1","8.666661626875365E-6","1","false","1","25","SYNPCC7942_RS10715","9.0","0","0","false","0","SYNPCC7942_RS10715","0","0"
"0.0","0.0","0.0","0.0","1","0","1","0.039344593986781556","1","false","1","14","SYNPCC7942_RS04590","99.0","0","0","false","0","SYNPCC7942_RS04590","0","0"
"0.0","0.0","0.0","0.0","1","0","1","0.019676630324012304","1","false","1","4","SYNPCC7942_RS03455","74.0","0","0","false","0","SYNPCC7942_RS03455","0","0"
"0.0","0.0","0.0","0.0","1","0","1","8.66666162684208E-6","1","false","1","29","SYNPCC7942_RS06395","41.0","0","0","false","0","SYNPCC7942_RS06395","0","0"
"0.0","0.0","0.0","0.0","1","0","1","6.025912854335187E-15","1","false","1","24","SYNPCC7942_RS09595","48.0","0","0","false","0","SYNPCC7942_RS09595","0","0"
"0.0","0.0","0.0","0.0","1","0","1","8.66666162684208E-6","1","false","1","29","SYNPCC7942_RS01540","41.0","0","0","false","0","SYNPCC7942_RS01540","0","0"
"0.0","0.0","0.0","0.0","2","0","2","0.039344593986787586","2","false","2","24","SYNPCC7942_RS06240","73.5","0","0","false","0","SYNPCC7942_RS06240","0","0"
"0.0","0.0","0.0","0.0","1","0","1","5.34024661847894E-16","1","false","1","18","SYNPCC7942_RS03170","84.0","0","0","false","0","SYNPCC7942_RS03170","0","0"
"0.0","0.0","0.0","0.0","1","0","1","8.66666162684208E-6","1","false","1","29","SYNPCC7942_RS00570","41.0","0","0","false","0","SYNPCC7942_RS00570","0","0"
"0.0","0.0","0.0","0.0","1","0","1","4.33333081343842E-6","1","false","1","3","SYNPCC7942_RS00800","74.0","0","0","false","0","SYNPCC7942_RS00800","0","0"
"0.0","0.0","0.0","0.0","1","0","1","4.33333081343842E-6","1","false","1","20","SYNPCC7942_RS03620","30.0","0","0","false","0","SYNPCC7942_RS03620","0","0"
"0.0","0.0","0.0","0.0","2","0","2","0.04749745953507238","2","false","2","11","SYNPCC7942_RS00025","60.0","0","0","false","0","SYNPCC7942_RS00025","0","0"
"0.0","0.0","0.0","0.0","2","0","2","0.08681605353703316","2","false","2","6","SYNPCC7942_RS07365","37.0","0","0","false","0","SYNPCC7942_RS07365","0","0"
"1.0","0.0","1.0","0.0","1","1","1","3.0790167311340755E-20","0","false","1","0","SYNPCC7942_RS12535","2.0","1","0","false","0","SYNPCC7942_RS12535","0","1"
"0.0","0.0","0.0","0.0","1","0","1","0.02782082921106008","1","false","1","11","SYNPCC7942_RS01220","46.0","0","0","false","0","SYNPCC7942_RS01220","0","0"
"0.0","0.0","0.0","0.0","1","0","1","1.477928030944357E-18","1","false","1","12","SYNPCC7942_RS09490","34.0","0","0","false","0","SYNPCC7942_RS09490","0","0"
"0.0","0.0","0.0","0.0","1","0","1","3.4762098894503714E-17","1","false","1","17","SYNPCC7942_RS05055","38.0","0","0","false","0","SYNPCC7942_RS05055","0","0"
"0.0","0.0","0.0","0.0","1","0","1","0.02782082921106008","1","false","1","13","SYNPCC7942_RS02690","62.0","0","0","false","0","SYNPCC7942_RS02690","0","0"
"0.0","0.0","0.0","0.0","1","0","1","8.66666162684208E-6","1","false","1","29","SYNPCC7942_RS05005","41.0","0","0","false","0","SYNPCC7942_RS05005","0","0"
"0.0","0.0","0.0","0.0","1","0","1","0.02782082921106008","1","false","1","13","SYNPCC7942_RS08000","62.0","0","0","false","0","SYNPCC7942_RS08000","0","0"
"0.0","0.0","0.0","0.0","1","0","1","8.666661626342819E-6","1","false","1","25","SYNPCC7942_RS11190","19.0","0","0","false","0","SYNPCC7942_RS11190","0","0"
"0.0","0.0","0.0","0.0","1","0","1","0.027820829211113333","1","false","1","8","SYNPCC7942_RS12015","57.0","0","0","false","0","SYNPCC7942_RS12015","0","0"
"0.0","0.0","0.0","0.0","1","0","1","0.019676630324012304","1","false","1","4","SYNPCC7942_RS10050","74.0","0","0","false","0","SYNPCC7942_RS10050","0","0"
"0.0","0.0","0.0","0.0","1","0","1","0.019672296993582694","1","false","1","0","SYNPCC7942_RS11600","7.0","0","0","false","0","SYNPCC7942_RS11600","0","0"
"0.0","0.0","0.0","0.0","1","0","1","4.33333081343842E-6","1","false","1","20","SYNPCC7942_RS02245","30.0","0","0","false","0","SYNPCC7942_RS02245","0","0"
"0.0","0.0","0.0","0.0","1","0","1","4.33333081343842E-6","1","false","1","3","SYNPCC7942_RS07675","74.0","0","0","false","0","SYNPCC7942_RS07675","0","0"
"0.0","0.0","0.0","0.0","1","0","1","5.34024661847894E-16","1","false","1","18","SYNPCC7942_RS00330","84.0","0","0","false","0","SYNPCC7942_RS00330","0","0"
"0.0","0.0","0.0","0.0","1","0","1","0.02782082921106008","1","false","1","11","SYNPCC7942_RS12185","46.0","0","0","false","0","SYNPCC7942_RS12185","0","0"
"0.0","0.0","0.0","0.0","1","0","1","6.025912854335187E-15","1","false","1","24","SYNPCC7942_RS06500","48.0","0","0","false","0","SYNPCC7942_RS06500","0","0"
"0.0","0.0","0.0","0.0","1","0","1","1.477928030944357E-18","1","false","1","15","SYNPCC7942_RS08560","9.0","0","0","false","0","SYNPCC7942_RS08560","0","0"
"0.0","0.0","0.0","0.0","1","0","1","0.02782082921106008","1","false","1","9","SYNPCC7942_RS03645","127.0","0","0","false","0","SYNPCC7942_RS03645","0","0"
"0.0","0.0","0.0","0.0","1","0","1","0.02782082921106008","1","false","1","13","SYNPCC7942_RS05050","62.0","0","0","false","0","SYNPCC7942_RS05050","0","0"
"0.0","0.0","0.0","0.0","1","0","1","0.02782082921106008","1","false","1","16","SYNPCC7942_RS02810","48.0","0","0","false","0","SYNPCC7942_RS02810","0","0"
"0.0","0.0","0.0","0.0","1","0","1","8.66666162684208E-6","1","false","1","29","SYNPCC7942_RS10760","41.0","0","0","false","0","SYNPCC7942_RS10760","0","0"
"0.0","0.0","0.0","0.0","1","0","1","0.02782082921106008","1","false","1","11","SYNPCC7942_RS01440","46.0","0","0","false","0","SYNPCC7942_RS01440","0","0"
"0.0","0.0","0.0","0.0","1","0","1","8.66666162684208E-6","1","false","1","29","SYNPCC7942_RS02775","41.0","0","0","false","0","SYNPCC7942_RS02775","0","0"
"0.0","0.0","0.0","0.0","1","0","1","0.02782082921106008","1","false","1","16","SYNPCC7942_RS04730","48.0","0","0","false","0","SYNPCC7942_RS04730","0","0"
"0.0","0.0","0.0","0.0","1","0","1","0.027820829211113333","1","false","1","8","SYNPCC7942_RS01305","57.0","0","0","false","0","SYNPCC7942_RS01305","0","0"
"0.0","0.0","0.0","0.0","1","0","1","5.34024661847894E-16","1","false","1","18","SYNPCC7942_RS13280","84.0","0","0","false","0","SYNPCC7942_RS13280","0","0"
"0.0","0.0","0.0","0.0","1","0","1","3.4762098894503714E-17","1","false","1","17","SYNPCC7942_RS09055","38.0","0","0","false","0","SYNPCC7942_RS09055","0","0"
"0.0","0.0","0.0","0.0","1","0","1","6.025912854335187E-15","1","false","1","24","SYNPCC7942_RS09550","48.0","0","0","false","0","SYNPCC7942_RS09550","0","0"
"0.0","0.0","0.0","0.0","1","0","1","6.025912854335187E-15","1","false","1","24","SYNPCC7942_RS09985","48.0","0","0","false","0","SYNPCC7942_RS09985","0","0"
"0.0","0.0","0.0","0.0","1","0","1","0.039335927325160745","1","false","1","2","SYNPCC7942_RS12990","17.0","0","0","false","0","SYNPCC7942_RS12990","0","0"
"0.0","0.0","0.0","0.0","1","0","1","4.33333081343842E-6","1","false","1","3","SYNPCC7942_RS10520","74.0","0","0","false","0","SYNPCC7942_RS10520","0","0"
"0.0","0.0","0.0","0.0","1","0","1","8.666661626342819E-6","1","false","1","0","SYNPCC7942_RS10035","8.0","0","0","false","0","SYNPCC7942_RS10035","0","0"
"0.0","0.0","0.0","0.0","1","0","1","0.02782082921106008","1","false","1","9","SYNPCC7942_RS08260","127.0","0","0","false","0","SYNPCC7942_RS08260","0","0"
"0.0","0.0","0.0","0.0","1","0","1","0.027820829211113333","1","false","1","8","SYNPCC7942_RS07410","57.0","0","0","false","0","SYNPCC7942_RS07410","0","0"
"0.0","0.0","0.0","0.0","1","0","1","8.666661626342819E-6","1","false","1","0","SYNPCC7942_RS07330","8.0","0","0","false","0","SYNPCC7942_RS07330","0","0"
"0.0","0.0","0.0","0.0","1","0","1","0.039344593986781556","1","false","1","14","SYNPCC7942_RS06280","99.0","0","0","false","0","SYNPCC7942_RS06280","0","0"
"0.0","0.0","0.0","0.0","1","0","1","6.025912854335187E-15","1","false","1","24","SYNPCC7942_RS00840","48.0","0","0","false","0","SYNPCC7942_RS00840","0","0"
"0.0","0.0","0.0","0.0","1","0","1","8.666661626342819E-6","1","false","1","25","SYNPCC7942_RS02845","19.0","0","0","false","0","SYNPCC7942_RS02845","0","0"
"0.0","0.0","0.0","0.0","1","0","1","5.34024661847894E-16","1","false","1","18","SYNPCC7942_RS10750","84.0","0","0","false","0","SYNPCC7942_RS10750","0","0"
"0.0","0.0","0.0","0.0","1","0","1","6.025912854335187E-15","1","false","1","24","SYNPCC7942_RS03010","48.0","0","0","false","0","SYNPCC7942_RS03010","0","0"
"0.0","0.0","0.0","0.0","1","0","1","0.02782082921106008","1","false","1","16","SYNPCC7942_RS04995","48.0","0","0","false","0","SYNPCC7942_RS04995","0","0"
"0.0","0.0","0.0","0.0","1","0","1","0.02782082921106008","1","false","1","9","SYNPCC7942_RS00090","127.0","0","0","false","0","SYNPCC7942_RS00090","0","0"
"0.0","0.0","0.0","0.0","1","0","1","6.025912854335187E-15","1","false","1","24","SYNPCC7942_RS02255","48.0","0","0","false","0","SYNPCC7942_RS02255","0","0"
"0.0","0.0","0.0","0.0","1","0","1","1.477928030944357E-18","1","false","1","12","SYNPCC7942_RS11615","34.0","0","0","false","0","SYNPCC7942_RS11615","0","0"
"0.0","0.0","0.0","0.0","1","0","1","0.02782082921106008","1","false","1","9","SYNPCC7942_RS04545","127.0","0","0","false","0","SYNPCC7942_RS04545","0","0"
"0.0","0.0","0.0","0.0","1","0","1","0.0671437565438343","1","false","1","6","SYNPCC7942_RS05175","26.0","0","0","false","0","SYNPCC7942_RS05175","0","0"
"0.0","0.0","0.0","0.0","1","0","1","4.33333081343842E-6","1","false","1","19","SYNPCC7942_RS01595","15.0","0","0","false","0","SYNPCC7942_RS01595","0","0"
"0.0","0.0","0.0","0.0","1","0","1","0.02782082921106008","1","false","1","9","SYNPCC7942_RS13245","127.0","0","0","false","0","SYNPCC7942_RS13245","0","0"
"0.0","0.0","0.0","0.0","1","0","1","1.477928030944357E-18","1","false","1","15","SYNPCC7942_RS00830","9.0","0","0","false","0","SYNPCC7942_RS00830","0","0"
"0.0","0.0","0.0","0.0","1","0","1","0.02782082921106008","1","false","1","16","SYNPCC7942_RS01840","48.0","0","0","false","0","SYNPCC7942_RS01840","0","0"
"0.0","0.0","0.0","0.0","1","0","1","0.02782082921106008","1","false","1","9","SYNPCC7942_RS06385","127.0","0","0","false","0","SYNPCC7942_RS06385","0","0"
"0.0","0.0","0.0","0.0","1","0","1","4.33333081343842E-6","1","false","1","3","SYNPCC7942_RS11260","74.0","0","0","false","0","SYNPCC7942_RS11260","0","0"
"0.0","0.0","0.0","0.0","1","0","1","5.34024661847894E-16","1","false","1","18","SYNPCC7942_RS02440","84.0","0","0","false","0","SYNPCC7942_RS02440","0","0"
"0.0","0.0","0.0","0.0","1","0","1","0.039344593986781556","1","false","1","14","SYNPCC7942_RS07060","99.0","0","0","false","0","SYNPCC7942_RS07060","0","0"
"0.0","0.0","0.0","0.0","1","0","1","4.33333081343842E-6","1","false","1","3","SYNPCC7942_RS04685","74.0","0","0","false","0","SYNPCC7942_RS04685","0","0"
"0.0","0.0","0.0","0.0","1","0","1","0.027820829211113333","1","false","1","8","SYNPCC7942_RS07930","57.0","0","0","false","0","SYNPCC7942_RS07930","0","0"
"0.0","0.0","0.0","0.0","1","0","1","5.34024661847894E-16","1","false","1","18","SYNPCC7942_RS12755","84.0","0","0","false","0","SYNPCC7942_RS12755","0","0"
"0.0","0.0","0.0","0.0","1","0","1","6.025912854335187E-15","1","false","1","24","SYNPCC7942_RS02480","48.0","0","0","false","0","SYNPCC7942_RS02480","0","0"
"0.0","0.0","0.0","0.0","1","0","1","0.02782082921106008","1","false","1","9","SYNPCC7942_RS08565","127.0","0","0","false","0","SYNPCC7942_RS08565","0","0"
"0.0","0.0","0.0","0.0","1","0","1","0.027820829211113333","1","false","1","8","SYNPCC7942_RS09825","57.0","0","0","false","0","SYNPCC7942_RS09825","0","0"
"0.0","0.0","0.0","0.0","1","0","1","0.027820829211113333","1","false","1","8","SYNPCC7942_RS12880","57.0","0","0","false","0","SYNPCC7942_RS12880","0","0"
"0.0","0.0","0.0","0.0","1","0","1","4.33333081343842E-6","1","false","1","20","SYNPCC7942_RS03560","30.0","0","0","false","0","SYNPCC7942_RS03560","0","0"
"0.0","0.0","0.0","0.0","1","0","1","6.025912854335187E-15","1","false","1","24","SYNPCC7942_RS05815","48.0","0","0","false","0","SYNPCC7942_RS05815","0","0"
"0.0","0.0","0.0","0.0","1","0","1","3.4762098894503714E-17","1","false","1","17","SYNPCC7942_RS10920","38.0","0","0","false","0","SYNPCC7942_RS10920","0","0"
"0.0","0.0","0.0","0.0","1","0","1","8.666661626342819E-6","1","false","1","0","SYNPCC7942_RS03110","8.0","0","0","false","0","SYNPCC7942_RS03110","0","0"
"0.0","0.0","0.0","0.0","1","0","1","0.02782082921106008","1","false","1","13","SYNPCC7942_RS04145","62.0","0","0","false","0","SYNPCC7942_RS04145","0","0"
"0.0","0.0","0.0","0.0","1","0","1","8.666661626342819E-6","1","false","1","25","SYNPCC7942_RS09045","19.0","0","0","false","0","SYNPCC7942_RS09045","0","0"
"0.0","0.0","0.0","0.0","1","0","1","3.4762098894503714E-17","1","false","1","17","SYNPCC7942_RS00885","38.0","0","0","false","0","SYNPCC7942_RS00885","0","0"
"0.0","0.0","0.0","0.0","1","0","1","5.34024661847894E-16","1","false","1","18","SYNPCC7942_RS03605","84.0","0","0","false","0","SYNPCC7942_RS03605","0","0"
